name,version,metadata_path,legacy_license_field_present,license_classifier_count,material_class,embedded_notice_paths,sidecar_paths,review_status
"aiohappyeyeballs","2.7.1","payload/runtime/packages/aiohappyeyeballs-2.7.1.dist-info/METADATA","true","1","EMBEDDED","payload/runtime/packages/aiohappyeyeballs-2.7.1.dist-info/licenses/LICENSE","payload/third-party-licenses/notices/aiohappyeyeballs-2.7.1-py3-none-any.whl/aiohappyeyeballs-2.7.1.dist-info/licenses/LICENSE","REVIEW_REQUIRED"
"aiohttp","3.14.3","payload/runtime/packages/aiohttp-3.14.3.dist-info/METADATA","true","0","EMBEDDED","payload/runtime/packages/aiohttp-3.14.3.dist-info/licenses/LICENSE.txt | payload/runtime/packages/aiohttp-3.14.3.dist-info/licenses/vendor/llhttp/LICENSE","payload/third-party-licenses/notices/aiohttp-3.14.3-cp313-cp313-win_amd64.whl/aiohttp-3.14.3.dist-info/licenses/LICENSE.txt | payload/third-party-licenses/notices/aiohttp-3.14.3-cp313-cp313-win_amd64.whl/aiohttp-3.14.3.dist-info/licenses/vendor/llhttp/LICENSE","REVIEW_REQUIRED"
"aiosignal","1.4.0","payload/runtime/packages/aiosignal-1.4.0.dist-info/METADATA","true","1","EMBEDDED","payload/runtime/packages/aiosignal-1.4.0.dist-info/licenses/LICENSE","payload/third-party-licenses/notices/aiosignal-1.4.0-py3-none-any.whl/aiosignal-1.4.0.dist-info/licenses/LICENSE","REVIEW_REQUIRED"
"aistudio_sdk","0.3.9","payload/runtime/packages/aistudio_sdk-0.3.9.dist-info/METADATA","true","1","EMBEDDED","payload/runtime/packages/aistudio_sdk-0.3.9.dist-info/licenses/LICENSE","payload/third-party-licenses/notices/aistudio_sdk-0.3.9-py3-none-any.whl/aistudio_sdk-0.3.9.dist-info/licenses/LICENSE","REVIEW_REQUIRED"
"bce-python-sdk","0.9.79","payload/runtime/packages/bce_python_sdk-0.9.79.dist-info/METADATA","true","0","NO_DISTRIBUTION_NOTICE","","","REVIEW_REQUIRED"
"certifi","2026.7.22","payload/runtime/packages/certifi-2026.7.22.dist-info/METADATA","true","1","EMBEDDED","payload/runtime/packages/certifi-2026.7.22.dist-info/licenses/LICENSE","payload/third-party-licenses/notices/certifi-2026.7.22-py3-none-any.whl/certifi-2026.7.22.dist-info/licenses/LICENSE","REVIEW_REQUIRED"
"charset-normalizer","3.5.2","payload/runtime/packages/charset_normalizer-3.5.2.dist-info/METADATA","true","0","EMBEDDED","payload/runtime/packages/charset_normalizer-3.5.2.dist-info/licenses/LICENSE","payload/third-party-licenses/notices/charset_normalizer-3.5.2-cp313-cp313-win_amd64.whl/charset_normalizer-3.5.2.dist-info/licenses/LICENSE","REVIEW_REQUIRED"
"colorama","0.4.6","payload/runtime/packages/colorama-0.4.6.dist-info/METADATA","false","1","EMBEDDED","payload/runtime/packages/colorama-0.4.6.dist-info/licenses/LICENSE.txt","payload/third-party-licenses/notices/colorama-0.4.6-py2.py3-none-any.whl/colorama-0.4.6.dist-info/licenses/LICENSE.txt","REVIEW_REQUIRED"
"colorlog","6.12.0","payload/runtime/packages/colorlog-6.12.0.dist-info/METADATA","true","1","EMBEDDED","payload/runtime/packages/colorlog-6.12.0.dist-info/licenses/LICENSE","payload/third-party-licenses/notices/colorlog-6.12.0-py3-none-any.whl/colorlog-6.12.0.dist-info/licenses/LICENSE","REVIEW_REQUIRED"
"crc32c","2.9.post0","payload/runtime/packages/crc32c-2.9.post0.dist-info/METADATA","true","1","EMBEDDED","payload/runtime/packages/crc32c-2.9.post0.dist-info/licenses/AUTHORS.google-crc32c | payload/runtime/packages/crc32c-2.9.post0.dist-info/licenses/LICENSE | payload/runtime/packages/crc32c-2.9.post0.dist-info/licenses/LICENSE.google-crc32c | payload/runtime/packages/crc32c-2.9.post0.dist-info/licenses/LICENSE.slice-by-8","payload/third-party-licenses/notices/crc32c-2.9.post0-cp313-cp313-win_amd64.whl/crc32c-2.9.post0.dist-info/licenses/AUTHORS.google-crc32c | payload/third-party-licenses/notices/crc32c-2.9.post0-cp313-cp313-win_amd64.whl/crc32c-2.9.post0.dist-info/licenses/LICENSE | payload/third-party-licenses/notices/crc32c-2.9.post0-cp313-cp313-win_amd64.whl/crc32c-2.9.post0.dist-info/licenses/LICENSE.google-crc32c | payload/third-party-licenses/notices/crc32c-2.9.post0-cp313-cp313-win_amd64.whl/crc32c-2.9.post0.dist-info/licenses/LICENSE.slice-by-8","REVIEW_REQUIRED"
"defusedxml","0.7.1","payload/runtime/packages/defusedxml-0.7.1.dist-info/METADATA","true","1","EMBEDDED","payload/runtime/packages/defusedxml-0.7.1.dist-info/LICENSE","","REVIEW_REQUIRED"
"et_xmlfile","2.0.0","payload/runtime/packages/et_xmlfile-2.0.0.dist-info/METADATA","true","1","SIDECAR_ONLY","","payload/third-party-licenses/notices/et_xmlfile-2.0.0-py3-none-any.whl/et_xmlfile-2.0.0.dist-info/LICENCE.python | payload/third-party-licenses/notices/et_xmlfile-2.0.0-py3-none-any.whl/et_xmlfile-2.0.0.dist-info/LICENCE.rst","REVIEW_REQUIRED"
"fonttools","4.65.0","payload/runtime/packages/fonttools-4.65.0.dist-info/METADATA","true","0","EMBEDDED","payload/runtime/packages/fonttools-4.65.0.dist-info/licenses/LICENSE | payload/runtime/packages/fonttools-4.65.0.dist-info/licenses/LICENSE.external","","REVIEW_REQUIRED"
"frozenlist","1.8.0","payload/runtime/packages/frozenlist-1.8.0.dist-info/METADATA","true","0","EMBEDDED","payload/runtime/packages/frozenlist-1.8.0.dist-info/licenses/LICENSE","payload/third-party-licenses/notices/frozenlist-1.8.0-cp313-cp313-win_amd64.whl/frozenlist-1.8.0.dist-info/licenses/LICENSE","REVIEW_REQUIRED"
"future","1.0.0","payload/runtime/packages/future-1.0.0.dist-info/METADATA","true","2","EMBEDDED","payload/runtime/packages/future-1.0.0.dist-info/LICENSE.txt","payload/third-party-licenses/notices/future-1.0.0-py3-none-any.whl/future-1.0.0.dist-info/LICENSE.txt","REVIEW_REQUIRED"
"h11","0.16.0","payload/runtime/packages/h11-0.16.0.dist-info/METADATA","true","1","EMBEDDED","payload/runtime/packages/h11-0.16.0.dist-info/licenses/LICENSE.txt","payload/third-party-licenses/notices/h11-0.16.0-py3-none-any.whl/h11-0.16.0.dist-info/licenses/LICENSE.txt","REVIEW_REQUIRED"
"httpx","0.28.1","payload/runtime/packages/httpx-0.28.1.dist-info/METADATA","true","1","EMBEDDED","payload/runtime/packages/httpx-0.28.1.dist-info/licenses/LICENSE.md","payload/third-party-licenses/notices/httpx-0.28.1-py3-none-any.whl/httpx-0.28.1.dist-info/licenses/LICENSE.md","REVIEW_REQUIRED"
"huggingface_hub","2.0.0","payload/runtime/packages/huggingface_hub-2.0.0.dist-info/METADATA","true","1","EMBEDDED","payload/runtime/packages/huggingface_hub-2.0.0.dist-info/licenses/LICENSE","payload/third-party-licenses/notices/huggingface_hub-2.0.0-py3-none-any.whl/huggingface_hub-2.0.0.dist-info/licenses/LICENSE","REVIEW_REQUIRED"
"img2pdf","0.6.3","payload/runtime/packages/img2pdf-0.6.3.dist-info/METADATA","false","1","EMBEDDED","payload/runtime/packages/img2pdf-0.6.3.dist-info/licenses/LICENSE","","REVIEW_REQUIRED"
"lxml","6.1.3","payload/runtime/packages/lxml-6.1.3.dist-info/METADATA","true","0","EMBEDDED","payload/runtime/packages/lxml-6.1.3.dist-info/licenses/LICENSE.txt | payload/runtime/packages/lxml-6.1.3.dist-info/licenses/LICENSES.txt","payload/third-party-licenses/notices/lxml-6.1.3-cp313-cp313-win_amd64.whl/lxml-6.1.3.dist-info/licenses/LICENSE.txt | payload/third-party-licenses/notices/lxml-6.1.3-cp313-cp313-win_amd64.whl/lxml-6.1.3.dist-info/licenses/LICENSES.txt","REVIEW_REQUIRED"
"markdown-it-py","4.2.0","payload/runtime/packages/markdown_it_py-4.2.0.dist-info/METADATA","false","1","EMBEDDED","payload/runtime/packages/markdown_it_py-4.2.0.dist-info/licenses/LICENSE | payload/runtime/packages/markdown_it_py-4.2.0.dist-info/licenses/LICENSE.markdown-it","","REVIEW_REQUIRED"
"mdurl","0.1.2","payload/runtime/packages/mdurl-0.1.2.dist-info/METADATA","false","1","EMBEDDED","payload/runtime/packages/mdurl-0.1.2.dist-info/LICENSE","","REVIEW_REQUIRED"
"modelscope-hub","0.4.5","payload/runtime/packages/modelscope_hub-0.4.5.dist-info/METADATA","true","1","EMBEDDED","payload/runtime/packages/modelscope_hub-0.4.5.dist-info/licenses/LICENSE","payload/third-party-licenses/notices/modelscope_hub-0.4.5-py3-none-any.whl/modelscope_hub-0.4.5.dist-info/licenses/LICENSE","REVIEW_REQUIRED"
"multidict","6.9.1","payload/runtime/packages/multidict-6.9.1.dist-info/METADATA","true","0","EMBEDDED","payload/runtime/packages/multidict-6.9.1.dist-info/licenses/LICENSE","payload/third-party-licenses/notices/multidict-6.9.1-cp313-cp313-win_amd64.whl/multidict-6.9.1.dist-info/licenses/LICENSE","REVIEW_REQUIRED"
"numpy","2.3.5","payload/runtime/packages/numpy-2.3.5.dist-info/METADATA","true","1","EMBEDDED","payload/runtime/packages/numpy-2.3.5.dist-info/LICENSE.txt","payload/third-party-licenses/notices/numpy-2.3.5-cp313-cp313-win_amd64.whl/numpy-2.3.5.dist-info/LICENSE.txt | payload/third-party-licenses/notices/numpy-2.3.5-cp313-cp313-win_amd64.whl/numpy/_core/include/numpy/random/LICENSE.txt | payload/third-party-licenses/notices/numpy-2.3.5-cp313-cp313-win_amd64.whl/numpy/ma/LICENSE | payload/third-party-licenses/notices/numpy-2.3.5-cp313-cp313-win_amd64.whl/numpy/random/LICENSE.md","REVIEW_REQUIRED"
"opencv-contrib-python","4.10.0.84","payload/runtime/packages/opencv_contrib_python-4.10.0.84.dist-info/METADATA","true","1","EMBEDDED","payload/runtime/packages/opencv_contrib_python-4.10.0.84.dist-info/LICENSE-3RD-PARTY.txt | payload/runtime/packages/opencv_contrib_python-4.10.0.84.dist-info/LICENSE.txt","payload/third-party-licenses/notices/opencv_contrib_python-4.10.0.84-cp37-abi3-win_amd64.whl/cv2/LICENSE-3RD-PARTY.txt | payload/third-party-licenses/notices/opencv_contrib_python-4.10.0.84-cp37-abi3-win_amd64.whl/cv2/LICENSE.txt | payload/third-party-licenses/notices/opencv_contrib_python-4.10.0.84-cp37-abi3-win_amd64.whl/opencv_contrib_python-4.10.0.84.dist-info/LICENSE-3RD-PARTY.txt | payload/third-party-licenses/notices/opencv_contrib_python-4.10.0.84-cp37-abi3-win_amd64.whl/opencv_contrib_python-4.10.0.84.dist-info/LICENSE.txt","REVIEW_REQUIRED"
"openpyxl","3.1.5","payload/runtime/packages/openpyxl-3.1.5.dist-info/METADATA","true","1","SIDECAR_ONLY","","payload/third-party-licenses/notices/openpyxl-3.1.5-py2.py3-none-any.whl/openpyxl-3.1.5.dist-info/LICENCE.rst","REVIEW_REQUIRED"
"opt-einsum","3.3.0","payload/runtime/packages/opt_einsum-3.3.0.dist-info/METADATA","true","1","EMBEDDED","payload/runtime/packages/opt_einsum-3.3.0.dist-info/LICENSE","payload/third-party-licenses/notices/opt_einsum-3.3.0-py3-none-any.whl/opt_einsum-3.3.0.dist-info/LICENSE","REVIEW_REQUIRED"
"paddleocr","3.7.0","payload/runtime/packages/paddleocr-3.7.0.dist-info/METADATA","true","0","EMBEDDED","payload/runtime/packages/paddleocr-3.7.0.dist-info/LICENSE","payload/third-party-licenses/notices/paddleocr-3.7.0-py3-none-any.whl/paddleocr-3.7.0.dist-info/LICENSE","REVIEW_REQUIRED"
"paddlepaddle","3.3.1","payload/runtime/packages/paddlepaddle-3.3.1.dist-info/METADATA","true","1","EMBEDDED","payload/runtime/packages/paddlepaddle-3.3.1.dist-info/LICENSE","payload/third-party-licenses/notices/paddlepaddle-3.3.1-cp313-cp313-win_amd64.whl/paddlepaddle-3.3.1.dist-info/LICENSE","REVIEW_REQUIRED"
"paddlex","3.7.2","payload/runtime/packages/paddlex-3.7.2.dist-info/METADATA","true","0","EMBEDDED","payload/runtime/packages/paddlex-3.7.2.dist-info/licenses/LICENSE","payload/third-party-licenses/notices/paddlex-3.7.2-py3-none-any.whl/paddlex-3.7.2.dist-info/licenses/LICENSE","REVIEW_REQUIRED"
"pandas","3.0.6","payload/runtime/packages/pandas-3.0.6.dist-info/METADATA","true","1","EMBEDDED","payload/runtime/packages/pandas-3.0.6.dist-info/LICENSE","payload/third-party-licenses/notices/pandas-3.0.6-cp313-cp313-win_amd64.whl/pandas-3.0.6.dist-info/LICENSE","REVIEW_REQUIRED"
"pluggy","1.6.0","payload/runtime/packages/pluggy-1.6.0.dist-info/METADATA","true","1","EMBEDDED","payload/runtime/packages/pluggy-1.6.0.dist-info/licenses/LICENSE","","REVIEW_REQUIRED"
"propcache","0.5.4","payload/runtime/packages/propcache-0.5.4.dist-info/METADATA","true","0","EMBEDDED","payload/runtime/packages/propcache-0.5.4.dist-info/licenses/LICENSE | payload/runtime/packages/propcache-0.5.4.dist-info/licenses/NOTICE","payload/third-party-licenses/notices/propcache-0.5.4-cp313-cp313-win_amd64.whl/propcache-0.5.4.dist-info/licenses/LICENSE | payload/third-party-licenses/notices/propcache-0.5.4-cp313-cp313-win_amd64.whl/propcache-0.5.4.dist-info/licenses/NOTICE","REVIEW_REQUIRED"
"protobuf","7.36.2","payload/runtime/packages/protobuf-7.36.2.dist-info/METADATA","true","0","EMBEDDED","payload/runtime/packages/protobuf-7.36.2.dist-info/LICENSE","payload/third-party-licenses/notices/protobuf-7.36.2-cp310-abi3-win_amd64.whl/protobuf-7.36.2.dist-info/LICENSE","REVIEW_REQUIRED"
"psutil","7.2.2","payload/runtime/packages/psutil-7.2.2.dist-info/METADATA","true","0","EMBEDDED","payload/runtime/packages/psutil-7.2.2.dist-info/LICENSE","payload/third-party-licenses/notices/psutil-7.2.2-cp37-abi3-win_amd64.whl/psutil-7.2.2.dist-info/LICENSE","REVIEW_REQUIRED"
"py-cpuinfo","9.0.0","payload/runtime/packages/py_cpuinfo-9.0.0.dist-info/METADATA","true","1","EMBEDDED","payload/runtime/packages/py_cpuinfo-9.0.0.dist-info/LICENSE","payload/third-party-licenses/notices/py_cpuinfo-9.0.0-py3-none-any.whl/py_cpuinfo-9.0.0.dist-info/LICENSE","REVIEW_REQUIRED"
"pyclipper","1.4.0","payload/runtime/packages/pyclipper-1.4.0.dist-info/METADATA","true","2","EMBEDDED","payload/runtime/packages/pyclipper-1.4.0.dist-info/licenses/LICENSE","payload/third-party-licenses/notices/pyclipper-1.4.0-cp313-cp313-win_amd64.whl/pyclipper-1.4.0.dist-info/licenses/LICENSE","REVIEW_REQUIRED"
"pycryptodome","3.23.0","payload/runtime/packages/pycryptodome-3.23.0.dist-info/METADATA","true","2","EMBEDDED","payload/runtime/packages/pycryptodome-3.23.0.dist-info/LICENSE.rst","payload/third-party-licenses/notices/pycryptodome-3.23.0-cp37-abi3-win_amd64.whl/pycryptodome-3.23.0.dist-info/LICENSE.rst","REVIEW_REQUIRED"
"pymupdf","1.28.2","payload/runtime/packages/pymupdf-1.28.2.dist-info/METADATA","true","0","EMBEDDED","payload/runtime/packages/pymupdf-1.28.2.dist-info/COPYING","payload/third-party-licenses/notices/pymupdf-1.28.2-cp310-abi3-win_amd64.whl/pymupdf-1.28.2.dist-info/COPYING","REVIEW_REQUIRED"
"pypdfium2","5.13.0","payload/runtime/packages/pypdfium2-5.13.0.dist-info/METADATA","true","0","EMBEDDED","payload/runtime/packages/pypdfium2-5.13.0.dist-info/licenses/LICENSES/Apache-2.0.txt | payload/runtime/packages/pypdfium2-5.13.0.dist-info/licenses/LICENSES/BSD-3-Clause.txt | payload/runtime/packages/pypdfium2-5.13.0.dist-info/licenses/LICENSES/CC-BY-4.0.txt | payload/runtime/packages/pypdfium2-5.13.0.dist-info/licenses/data/windows_x64/BUILD_LICENSES/abseil.txt | payload/runtime/packages/pypdfium2-5.13.0.dist-info/licenses/data/windows_x64/BUILD_LICENSES/agg23.txt | payload/runtime/packages/pypdfium2-5.13.0.dist-info/licenses/data/windows_x64/BUILD_LICENSES/fast_float.txt | payload/runtime/packages/pypdfium2-5.13.0.dist-info/licenses/data/windows_x64/BUILD_LICENSES/freetype.txt | payload/runtime/packages/pypdfium2-5.13.0.dist-info/licenses/data/windows_x64/BUILD_LICENSES/icu.txt | payload/runtime/packages/pypdfium2-5.13.0.dist-info/licenses/data/windows_x64/BUILD_LICENSES/lcms.txt | payload/runtime/packages/pypdfium2-5.13.0.dist-info/licenses/data/windows_x64/BUILD_LICENSES/libjpeg_turbo.ijg | payload/runtime/packages/pypdfium2-5.13.0.dist-info/licenses/data/windows_x64/BUILD_LICENSES/libjpeg_turbo.md | payload/runtime/packages/pypdfium2-5.13.0.dist-info/licenses/data/windows_x64/BUILD_LICENSES/libopenjpeg.txt | payload/runtime/packages/pypdfium2-5.13.0.dist-info/licenses/data/windows_x64/BUILD_LICENSES/libpng.txt | payload/runtime/packages/pypdfium2-5.13.0.dist-info/licenses/data/windows_x64/BUILD_LICENSES/libtiff.txt | payload/runtime/packages/pypdfium2-5.13.0.dist-info/licenses/data/windows_x64/BUILD_LICENSES/llvm-libc.txt | payload/runtime/packages/pypdfium2-5.13.0.dist-info/licenses/data/windows_x64/BUILD_LICENSES/pdfium-binaries.txt | payload/runtime/packages/pypdfium2-5.13.0.dist-info/licenses/data/windows_x64/BUILD_LICENSES/pdfium.txt | payload/runtime/packages/pypdfium2-5.13.0.dist-info/licenses/data/windows_x64/BUILD_LICENSES/simdutf.txt | payload/runtime/packages/pypdfium2-5.13.0.dist-info/licenses/data/windows_x64/BUILD_LICENSES/zlib.txt","payload/third-party-licenses/notices/pypdfium2-5.13.0-py3-none-win_amd64.whl/pypdfium2-5.13.0.dist-info/licenses/LICENSES/Apache-2.0.txt | payload/third-party-licenses/notices/pypdfium2-5.13.0-py3-none-win_amd64.whl/pypdfium2-5.13.0.dist-info/licenses/LICENSES/BSD-3-Clause.txt | payload/third-party-licenses/notices/pypdfium2-5.13.0-py3-none-win_amd64.whl/pypdfium2-5.13.0.dist-info/licenses/LICENSES/CC-BY-4.0.txt | payload/third-party-licenses/notices/pypdfium2-5.13.0-py3-none-win_amd64.whl/pypdfium2-5.13.0.dist-info/licenses/data/windows_x64/BUILD_LICENSES/abseil.txt | payload/third-party-licenses/notices/pypdfium2-5.13.0-py3-none-win_amd64.whl/pypdfium2-5.13.0.dist-info/licenses/data/windows_x64/BUILD_LICENSES/agg23.txt | payload/third-party-licenses/notices/pypdfium2-5.13.0-py3-none-win_amd64.whl/pypdfium2-5.13.0.dist-info/licenses/data/windows_x64/BUILD_LICENSES/fast_float.txt | payload/third-party-licenses/notices/pypdfium2-5.13.0-py3-none-win_amd64.whl/pypdfium2-5.13.0.dist-info/licenses/data/windows_x64/BUILD_LICENSES/freetype.txt | payload/third-party-licenses/notices/pypdfium2-5.13.0-py3-none-win_amd64.whl/pypdfium2-5.13.0.dist-info/licenses/data/windows_x64/BUILD_LICENSES/icu.txt | payload/third-party-licenses/notices/pypdfium2-5.13.0-py3-none-win_amd64.whl/pypdfium2-5.13.0.dist-info/licenses/data/windows_x64/BUILD_LICENSES/lcms.txt | payload/third-party-licenses/notices/pypdfium2-5.13.0-py3-none-win_amd64.whl/pypdfium2-5.13.0.dist-info/licenses/data/windows_x64/BUILD_LICENSES/libjpeg_turbo.ijg | payload/third-party-licenses/notices/pypdfium2-5.13.0-py3-none-win_amd64.whl/pypdfium2-5.13.0.dist-info/licenses/data/windows_x64/BUILD_LICENSES/libjpeg_turbo.md | payload/third-party-licenses/notices/pypdfium2-5.13.0-py3-none-win_amd64.whl/pypdfium2-5.13.0.dist-info/licenses/data/windows_x64/BUILD_LICENSES/libopenjpeg.txt | payload/third-party-licenses/notices/pypdfium2-5.13.0-py3-none-win_amd64.whl/pypdfium2-5.13.0.dist-info/licenses/data/windows_x64/BUILD_LICENSES/libpng.txt | payload/third-party-licenses/notices/pypdfium2-5.13.0-py3-none-win_amd64.whl/pypdfium2-5.13.0.dist-info/licenses/data/windows_x64/BUILD_LICENSES/libtiff.txt | payload/third-party-licenses/notices/pypdfium2-5.13.0-py3-none-win_amd64.whl/pypdfium2-5.13.0.dist-info/licenses/data/windows_x64/BUILD_LICENSES/llvm-libc.txt | payload/third-party-licenses/notices/pypdfium2-5.13.0-py3-none-win_amd64.whl/pypdfium2-5.13.0.dist-info/licenses/data/windows_x64/BUILD_LICENSES/pdfium-binaries.txt | payload/third-party-licenses/notices/pypdfium2-5.13.0-py3-none-win_amd64.whl/pypdfium2-5.13.0.dist-info/licenses/data/windows_x64/BUILD_LICENSES/pdfium.txt | payload/third-party-licenses/notices/pypdfium2-5.13.0-py3-none-win_amd64.whl/pypdfium2-5.13.0.dist-info/licenses/data/windows_x64/BUILD_LICENSES/simdutf.txt | payload/third-party-licenses/notices/pypdfium2-5.13.0-py3-none-win_amd64.whl/pypdfium2-5.13.0.dist-info/licenses/data/windows_x64/BUILD_LICENSES/zlib.txt","REVIEW_REQUIRED"
"python-bidi","0.6.11","payload/runtime/packages/python_bidi-0.6.11.dist-info/METADATA","false","1","EMBEDDED","payload/runtime/packages/python_bidi-0.6.11.dist-info/licenses/AUTHORS.rst | payload/runtime/packages/python_bidi-0.6.11.dist-info/licenses/COPYING | payload/runtime/packages/python_bidi-0.6.11.dist-info/licenses/COPYING.LESSER | payload/runtime/packages/python_bidi-0.6.11.dist-info/licenses/LICENSE-THIRD-PARTY.yml","payload/third-party-licenses/notices/python_bidi-0.6.11-cp313-cp313-win_amd64.whl/python_bidi-0.6.11.dist-info/licenses/AUTHORS.rst | payload/third-party-licenses/notices/python_bidi-0.6.11-cp313-cp313-win_amd64.whl/python_bidi-0.6.11.dist-info/licenses/COPYING | payload/third-party-licenses/notices/python_bidi-0.6.11-cp313-cp313-win_amd64.whl/python_bidi-0.6.11.dist-info/licenses/COPYING.LESSER | payload/third-party-licenses/notices/python_bidi-0.6.11-cp313-cp313-win_amd64.whl/python_bidi-0.6.11.dist-info/licenses/LICENSE-THIRD-PARTY.yml","REVIEW_REQUIRED"
"python-dateutil","2.9.0.post0","payload/runtime/packages/python_dateutil-2.9.0.post0.dist-info/METADATA","true","2","EMBEDDED","payload/runtime/packages/python_dateutil-2.9.0.post0.dist-info/LICENSE","payload/third-party-licenses/notices/python_dateutil-2.9.0.post0-py2.py3-none-any.whl/python_dateutil-2.9.0.post0.dist-info/LICENSE","REVIEW_REQUIRED"
"python-docx","1.2.0","payload/runtime/packages/python_docx-1.2.0.dist-info/METADATA","true","1","EMBEDDED","payload/runtime/packages/python_docx-1.2.0.dist-info/licenses/LICENSE","payload/third-party-licenses/notices/python_docx-1.2.0-py3-none-any.whl/python_docx-1.2.0.dist-info/licenses/LICENSE","REVIEW_REQUIRED"
"python-dotenv","1.2.3","payload/runtime/packages/python_dotenv-1.2.3.dist-info/METADATA","true","0","EMBEDDED","payload/runtime/packages/python_dotenv-1.2.3.dist-info/licenses/LICENSE","payload/third-party-licenses/notices/python_dotenv-1.2.3-py3-none-any.whl/python_dotenv-1.2.3.dist-info/licenses/LICENSE","REVIEW_REQUIRED"
"python-pptx","1.0.2","payload/runtime/packages/python_pptx-1.0.2.dist-info/METADATA","true","1","EMBEDDED","payload/runtime/packages/python_pptx-1.0.2.dist-info/LICENSE","payload/third-party-licenses/notices/python_pptx-1.0.2-py3-none-any.whl/python_pptx-1.0.2.dist-info/LICENSE","REVIEW_REQUIRED"
"PyYAML","6.0.2","payload/runtime/packages/PyYAML-6.0.2.dist-info/METADATA","true","1","EMBEDDED","payload/runtime/packages/PyYAML-6.0.2.dist-info/LICENSE","payload/third-party-licenses/notices/PyYAML-6.0.2-cp313-cp313-win_amd64.whl/PyYAML-6.0.2.dist-info/LICENSE","REVIEW_REQUIRED"
"requests","2.34.2","payload/runtime/packages/requests-2.34.2.dist-info/METADATA","true","1","EMBEDDED","payload/runtime/packages/requests-2.34.2.dist-info/licenses/LICENSE | payload/runtime/packages/requests-2.34.2.dist-info/licenses/NOTICE","payload/third-party-licenses/notices/requests-2.34.2-py3-none-any.whl/requests-2.34.2.dist-info/licenses/LICENSE | payload/third-party-licenses/notices/requests-2.34.2-py3-none-any.whl/requests-2.34.2.dist-info/licenses/NOTICE","REVIEW_REQUIRED"
"rich","15.0.0","payload/runtime/packages/rich-15.0.0.dist-info/METADATA","true","1","EMBEDDED","payload/runtime/packages/rich-15.0.0.dist-info/licenses/LICENSE","","REVIEW_REQUIRED"
"ruamel.yaml","0.19.1","payload/runtime/packages/ruamel_yaml-0.19.1.dist-info/METADATA","true","1","EMBEDDED","payload/runtime/packages/ruamel_yaml-0.19.1.dist-info/licenses/LICENSE","payload/third-party-licenses/notices/ruamel_yaml-0.19.1-py3-none-any.whl/ruamel_yaml-0.19.1.dist-info/licenses/LICENSE","REVIEW_REQUIRED"
"safetensors","0.8.0","payload/runtime/packages/safetensors-0.8.0.dist-info/METADATA","false","1","EMBEDDED","payload/runtime/packages/safetensors-0.8.0.dist-info/licenses/LICENSE","payload/third-party-licenses/notices/safetensors-0.8.0-cp310-abi3-win_amd64.whl/safetensors-0.8.0.dist-info/licenses/LICENSE","REVIEW_REQUIRED"
"shapely","2.1.2","payload/runtime/packages/shapely-2.1.2.dist-info/METADATA","true","1","EMBEDDED","payload/runtime/packages/shapely-2.1.2.dist-info/licenses/LICENSE.txt | payload/runtime/packages/shapely-2.1.2.dist-info/licenses/LICENSE_GEOS | payload/runtime/packages/shapely-2.1.2.dist-info/licenses/LICENSE_win32","payload/third-party-licenses/notices/shapely-2.1.2-cp313-cp313-win_amd64.whl/shapely-2.1.2.dist-info/licenses/LICENSE.txt | payload/third-party-licenses/notices/shapely-2.1.2-cp313-cp313-win_amd64.whl/shapely-2.1.2.dist-info/licenses/LICENSE_GEOS | payload/third-party-licenses/notices/shapely-2.1.2-cp313-cp313-win_amd64.whl/shapely-2.1.2.dist-info/licenses/LICENSE_win32","REVIEW_REQUIRED"
"six","1.17.0","payload/runtime/packages/six-1.17.0.dist-info/METADATA","true","1","EMBEDDED","payload/runtime/packages/six-1.17.0.dist-info/LICENSE","payload/third-party-licenses/notices/six-1.17.0-py2.py3-none-any.whl/six-1.17.0.dist-info/LICENSE","REVIEW_REQUIRED"
"SQLAlchemy","2.0.54","payload/runtime/packages/sqlalchemy-2.0.54.dist-info/METADATA","true","0","EMBEDDED","payload/runtime/packages/sqlalchemy-2.0.54.dist-info/licenses/AUTHORS | payload/runtime/packages/sqlalchemy-2.0.54.dist-info/licenses/LICENSE","payload/third-party-licenses/notices/sqlalchemy-2.0.54-cp313-cp313-win_amd64.whl/sqlalchemy-2.0.54.dist-info/licenses/AUTHORS | payload/third-party-licenses/notices/sqlalchemy-2.0.54-cp313-cp313-win_amd64.whl/sqlalchemy-2.0.54.dist-info/licenses/LICENSE","REVIEW_REQUIRED"
"tqdm","4.70.1","payload/runtime/packages/tqdm-4.70.1.dist-info/METADATA","true","0","EMBEDDED","payload/runtime/packages/tqdm-4.70.1.dist-info/licenses/LICENCE","payload/third-party-licenses/notices/tqdm-4.70.1-py3-none-any.whl/tqdm-4.70.1.dist-info/licenses/LICENCE","REVIEW_REQUIRED"
"tzdata","2026.4","payload/runtime/packages/tzdata-2026.4.dist-info/METADATA","true","0","EMBEDDED","payload/runtime/packages/tzdata-2026.4.dist-info/licenses/LICENSE | payload/runtime/packages/tzdata-2026.4.dist-info/licenses/licenses/LICENSE_APACHE","payload/third-party-licenses/notices/tzdata-2026.4-py2.py3-none-any.whl/tzdata-2026.4.dist-info/licenses/LICENSE | payload/third-party-licenses/notices/tzdata-2026.4-py2.py3-none-any.whl/tzdata-2026.4.dist-info/licenses/licenses/LICENSE_APACHE","REVIEW_REQUIRED"
"uharfbuzz","0.56.1","payload/runtime/packages/uharfbuzz-0.56.1.dist-info/METADATA","true","0","EMBEDDED","payload/runtime/packages/uharfbuzz-0.56.1.dist-info/licenses/LICENSE","","REVIEW_REQUIRED"
"wcwidth","0.9.1","payload/runtime/packages/wcwidth-0.9.1.dist-info/METADATA","false","1","EMBEDDED","payload/runtime/packages/wcwidth-0.9.1.dist-info/licenses/LICENSE","payload/third-party-licenses/notices/wcwidth-0.9.1-cp310-abi3-win_amd64.whl/wcwidth-0.9.1.dist-info/licenses/LICENSE","REVIEW_REQUIRED"
"xlsxwriter","3.2.9","payload/runtime/packages/xlsxwriter-3.2.9.dist-info/METADATA","true","1","EMBEDDED","payload/runtime/packages/xlsxwriter-3.2.9.dist-info/LICENSE.txt","payload/third-party-licenses/notices/xlsxwriter-3.2.9-py3-none-any.whl/xlsxwriter-3.2.9.dist-info/LICENSE.txt","REVIEW_REQUIRED"
"yarl","1.25.1","payload/runtime/packages/yarl-1.25.1.dist-info/METADATA","true","0","EMBEDDED","payload/runtime/packages/yarl-1.25.1.dist-info/licenses/LICENSE | payload/runtime/packages/yarl-1.25.1.dist-info/licenses/NOTICE","payload/third-party-licenses/notices/yarl-1.25.1-cp313-cp313-win_amd64.whl/yarl-1.25.1.dist-info/licenses/LICENSE | payload/third-party-licenses/notices/yarl-1.25.1-cp313-cp313-win_amd64.whl/yarl-1.25.1.dist-info/licenses/NOTICE","REVIEW_REQUIRED"
