binary,candidate_path,binary_sha256,source_kind,source_name,source_version,package_declared_license,license_evidence_status,matrix_evidence_paths,matrix_evidence_sha256,same_text_candidate_paths,dedicated_notice_present,release_obligations_reviewed
"libarchive-13.dll","payload/ocr/tesseract/libarchive-13.dll","ddabddfdc98e1e1342ce4a7069fb4004de6c870d7bc9f4e95ef243dd18468e97","MSYS2_PACKAGE_BYTES","mingw-w64-x86_64-libarchive","3.8.8-2","spdx:BSD-2-Clause","PACKAGE_TEXT_HASH_VERIFIED","mingw64/share/licenses/libarchive/LICENSE","30e556b3959e3985d66efefec5eaac51d4995053caa1d3cffe6eb916f146f229","","false","NO"
"libb2-1.dll","payload/ocr/tesseract/libb2-1.dll","77bab532b5421d6cdddb96c3ae9a4bde144eb481ccaf243336c9f8c690a50987","MSYS2_PACKAGE_BYTES","mingw-w64-x86_64-libb2","0.98.1-3","custom:CC0","PACKAGE_TEXT_HASH_VERIFIED","mingw64/share/licenses/libb2/LICENSE","6a1ee543e5282cd9061881edf462e6fdab181f328da71fc2c9a6950a80e94d01","","false","NO"
"libbrotlicommon.dll","payload/ocr/tesseract/libbrotlicommon.dll","ca7bc06ead80259971badf2cd0bfc688db9154dad65f139f49a38b4be9976f97","MSYS2_PACKAGE_BYTES","mingw-w64-x86_64-brotli","1.2.0-1","spdx:MIT","PACKAGE_TEXT_HASH_VERIFIED","mingw64/share/licenses/brotli/LICENSE","3d180008e36922a4e8daec11c34c7af264fed5962d07924aea928c38e8663c94","","false","NO"
"libbrotlidec.dll","payload/ocr/tesseract/libbrotlidec.dll","a142dc6cfa77cb907028aa9426f486f3d8de37855e8db2ae2894147908121881","MSYS2_PACKAGE_BYTES","mingw-w64-x86_64-brotli","1.2.0-1","spdx:MIT","PACKAGE_TEXT_HASH_VERIFIED","mingw64/share/licenses/brotli/LICENSE","3d180008e36922a4e8daec11c34c7af264fed5962d07924aea928c38e8663c94","","false","NO"
"libbz2-1.dll","payload/ocr/tesseract/libbz2-1.dll","b79cd3a7102e359ef6324e98966a67939e58ec2b651ae2847cae84a4dfa453f7","MSYS2_PACKAGE_BYTES","mingw-w64-x86_64-bzip2","1.0.8-3","custom","PACKAGE_TEXT_HASH_VERIFIED","mingw64/share/licenses/bzip2/LICENSE","c6dbbf828498be844a89eaa3b84adbab3199e342eb5cb2ed2f0d4ba7ec0f38a3","","false","NO"
"libcurl-4.dll","payload/ocr/tesseract/libcurl-4.dll","3d302f9690e810fdfd950254e2f0663d0ff768737f350c602a4ed3a06e9b6b2b","MSYS2_PACKAGE_BYTES","mingw-w64-x86_64-curl-winssl","8.21.0-2","spdx:MIT","PACKAGE_TEXT_HASH_VERIFIED","mingw64/share/licenses/curl/LICENSE","82f2f4427d6545ee5aaac4f0b80428da6cc8ba41c2cf5da3a03680ec327b9681","","false","NO"
"libdeflate.dll","payload/ocr/tesseract/libdeflate.dll","3f3fc3a73bc3623dc93b37bb321c484d3731d93006fd01c0495d15711826eb44","MSYS2_PACKAGE_BYTES","mingw-w64-x86_64-libdeflate","1.25-1","spdx:MIT","PACKAGE_TEXT_HASH_VERIFIED","mingw64/share/licenses/libdeflate/COPYING","4ad69099cb4374836fd27583d9991e2838cd86b6e4666ab26b2d32582c91e73a","","false","NO"
"libexpat-1.dll","payload/ocr/tesseract/libexpat-1.dll","92ae866c6c58dd2d8366aa0e6230ba8d434d5306e8d8c3a08b7e61750fc16153","MSYS2_PACKAGE_BYTES","mingw-w64-x86_64-expat","2.8.2-1","spdx:MIT","PACKAGE_TEXT_HASH_VERIFIED","mingw64/share/licenses/expat/COPYING","31b15de82aa19a845156169a17a5488bf597e561b2c318d159ed583139b25e87","","false","NO"
"libgcc_s_seh-1.dll","payload/ocr/tesseract/libgcc_s_seh-1.dll","278f1101f2371c58b6b412a3206718e22343940a5164aceb4fb75f2bf3b38ed4","MSYS2_PACKAGE_BYTES","mingw-w64-x86_64-gcc-libs","16.1.0-5","spdx:GPL-3.0-or-later WITH GCC-exception-3.1 AND LGPL-2.1-or-later","PACKAGE_TEXT_HASH_VERIFIED","mingw64/share/licenses/gcc-libs/COPYING.LIB | mingw64/share/licenses/gcc-libs/COPYING.RUNTIME | mingw64/share/licenses/gcc-libs/COPYING3 | mingw64/share/licenses/gcc-libs/README","a9bdde5616ecdd1e980b44f360600ee8783b1f99b8cc83a2beb163a0a390e861 | 9d6b43ce4d8de0c878bf16b54d8e7a10d9bd42b75178153e3af6a815bdc90f74 | 8ceb4b9ee5adedde47b31e975c1d90c73ad27b6b165a1dcd80c7c545eb65b903 | 33400d067fa3e2bd670a0868dcdb60c9486e8f559b675cf9ff1ff55d4e0d06ab","","false","NO"
"libgif-7.dll","payload/ocr/tesseract/libgif-7.dll","5b3d837ccaab84683dd93fbaddf2d98e1a9f90e0ddb8ea73dc70157adb4d26f1","MSYS2_PACKAGE_BYTES","mingw-w64-x86_64-giflib","6.1.3-1","spdx:MIT","PRIOR_A04_SOURCE_TEXT_REFERENCE","mingw-w64-giflib-6.1.3-1.src.tar.zst/giflib-6.1.3/COPYING","ed5d90cb4a041bddad679470a071302ab05ae5d0ec2cf8f9c97ad7b2708751e6","","false","NO"
"libgomp-1.dll","payload/ocr/tesseract/libgomp-1.dll","d40d5850b92e3dddc488781b7e04ea1ca531c728ce003657329cfd319eb6efd1","MSYS2_PACKAGE_BYTES","mingw-w64-x86_64-gcc-libs","16.1.0-5","spdx:GPL-3.0-or-later WITH GCC-exception-3.1 AND LGPL-2.1-or-later","PACKAGE_TEXT_HASH_VERIFIED","mingw64/share/licenses/gcc-libs/COPYING.LIB | mingw64/share/licenses/gcc-libs/COPYING.RUNTIME | mingw64/share/licenses/gcc-libs/COPYING3 | mingw64/share/licenses/gcc-libs/README","a9bdde5616ecdd1e980b44f360600ee8783b1f99b8cc83a2beb163a0a390e861 | 9d6b43ce4d8de0c878bf16b54d8e7a10d9bd42b75178153e3af6a815bdc90f74 | 8ceb4b9ee5adedde47b31e975c1d90c73ad27b6b165a1dcd80c7c545eb65b903 | 33400d067fa3e2bd670a0868dcdb60c9486e8f559b675cf9ff1ff55d4e0d06ab","","false","NO"
"libiconv-2.dll","payload/ocr/tesseract/libiconv-2.dll","7a282a854e01be726c6cccfe46f548c716aa45b3014818468253aaa4efbcd067","MSYS2_PACKAGE_BYTES","mingw-w64-x86_64-libiconv","1.19-1","spdx:LGPL-2.1-or-later | documentation:spdx:GPL-3.0-or-later","PACKAGE_TEXT_HASH_VERIFIED","mingw64/share/licenses/libiconv/COPYING | mingw64/share/licenses/libiconv/COPYING.LIB | mingw64/share/licenses/libiconv/README | mingw64/share/licenses/libiconv/libcharset/COPYING.LIB","8ceb4b9ee5adedde47b31e975c1d90c73ad27b6b165a1dcd80c7c545eb65b903 | 20e50fe7aae3e56378ebf0417d9de904f55a0e61e4df315333e632a4d3555d95 | 4ae66e61d1c6593c84c47105b368d579bcee1af566dbb959ec63a0c48425dcf4 | 20e50fe7aae3e56378ebf0417d9de904f55a0e61e4df315333e632a4d3555d95","","false","NO"
"libidn2-0.dll","payload/ocr/tesseract/libidn2-0.dll","9880b52651a0247640a2531d777380f7c35fac7efa7e3979b265ddcb78db8642","MSYS2_PACKAGE_BYTES","mingw-w64-x86_64-libidn2","2.3.8-4","spdx:GPL-2.0-or-later | spdx:LGPL-3.0-or-later","PRIOR_A04_SOURCE_TEXT_REFERENCE","mingw-w64-libidn2-2.3.8-4.src.tar.zst/libidn2-2.3.8/README | mingw-w64-libidn2-2.3.8-4.src.tar.zst/libidn2-2.3.8/COPYINGv2 | mingw-w64-libidn2-2.3.8-4.src.tar.zst/libidn2-2.3.8/COPYING.LESSERv3 | mingw-w64-libidn2-2.3.8-4.src.tar.zst/libidn2-2.3.8/COPYING.unicode","fd8b5fd38cb6e5599ff412bf7411108e83c830aea75a47bcc96c86f05b8ff607 | edaef632cbb643e4e7a221717a6c441a4c1a7c918e6e4d56debc3d8739b233f6 | e3a994d82e644b03a792a930f574002658412f62407f5fee083f2555c5f23118 | 01d621eef165cf4d3d3dbb737aa0699178d94c6f18cf87e9dde6db3ca7790f46","payload/runtime/packages/img2pdf-0.6.3.dist-info/licenses/LICENSE | payload/runtime/packages/psycopg-3.3.5.dist-info/licenses/LICENSE.txt | payload/third-party-licenses/notices/psycopg-3.3.5-py3-none-any.whl/psycopg-3.3.5.dist-info/licenses/LICENSE.txt | payload/third-party-licenses/ocr-python-notices/img2pdf-0.6.3.dist-info/licenses/LICENSE","false","NO"
"libintl-8.dll","payload/ocr/tesseract/libintl-8.dll","0537c3dd2378218508ebe3cc416d72a99ee2d24ae1c5525e23458f32544ef861","MSYS2_PACKAGE_BYTES","mingw-w64-x86_64-gettext-runtime","1.0-1","spdx:GPL-3.0-or-later AND LGPL-2.1-or-later","PACKAGE_TEXT_HASH_VERIFIED","mingw64/share/licenses/gettext-runtime/COPYING | mingw64/share/licenses/gettext-runtime/intl/COPYING.LIB | mingw64/share/licenses/gettext-runtime/libasprintf/COPYING | mingw64/share/licenses/gettext-runtime/libasprintf/COPYING.LIB","7ef2cdfe58e0c0460657b6598b49af29d4e03c1e41cbaf0e1da1eb8ad74b95d0 | 20e50fe7aae3e56378ebf0417d9de904f55a0e61e4df315333e632a4d3555d95 | 03133addae5b99a6148c538300e6d97074453089be1423b741bd081f18e2b298 | 20e50fe7aae3e56378ebf0417d9de904f55a0e61e4df315333e632a4d3555d95","","false","NO"
"libjpeg-8.dll","payload/ocr/tesseract/libjpeg-8.dll","b564d34adaca83e73af0e2231719dd0198ea6cd074c64b2ba85bfd7182f27db7","MSYS2_PACKAGE_BYTES","mingw-w64-x86_64-libjpeg-turbo","3.2.0-1","custom:BSD-like","PACKAGE_TEXT_HASH_VERIFIED","mingw64/share/licenses/libjpeg-turbo/LICENSE.md | mingw64/share/licenses/libjpeg-turbo/README.ijg | mingw64/share/licenses/libjpeg-turbo/README.md | mingw64/share/licenses/libjpeg-turbo/simd/jsimdext.inc","ba6bceebcba0fdd35488477c2cca8c4632ce82c74dbfbc87d886ce6fc4433579 | 75815e3bf6484201a3c3d17a1bbf10f2e8e3237f84df10a2357ea896db2a81d6 | a44ba17ac66c57edaf0ea7c6e4b31358f08322c780e4e6af092082abb3e20793 | 68c5d236785edf75344cebe8b9bec36568bd35c96eb72cc67ffecd66c17dbd74","","false","NO"
"libleptonica-6.dll","payload/ocr/tesseract/libleptonica-6.dll","1869b44e3d46fd830620b042477e5d60a950779582f38f60291547efb27792f1","MSYS2_PACKAGE_BYTES","mingw-w64-x86_64-leptonica","1.87.0-1","spdx:BSD-2-Clause","PACKAGE_TEXT_HASH_VERIFIED","mingw64/share/licenses/leptonica/LICENSE","87829abb5bbb00b55a107365da89e9a33f86c4250169e5a1e5588505be7d5806","","false","NO"
"liblerc.dll","payload/ocr/tesseract/liblerc.dll","6887fb5aeabf382a835a4cb693025e8d48d9c90e82ca4eae5d2d8ffb70c6ca9a","MSYS2_PACKAGE_BYTES","mingw-w64-x86_64-lerc","4.1.1-1","spdx:Apache-2.0","PACKAGE_TEXT_HASH_VERIFIED","mingw64/share/licenses/lerc/LICENSE","77a8b761727c75e2167b15bfdf61b2c0bcf8792271228bebe80779106ad00671","","false","NO"
"liblz4.dll","payload/ocr/tesseract/liblz4.dll","35f917274bca8f19677ba66f1b3cc3c83568c3249fc43215fc16e76439c8e856","MSYS2_PACKAGE_BYTES","mingw-w64-x86_64-lz4","1.10.0-1","BSD | GPL2","PRIOR_A04_SOURCE_TEXT_REFERENCE","mingw-w64-lz4-1.10.0-1.src.tar.zst/lz4-1.10.0/LICENSE | mingw-w64-lz4-1.10.0-1.src.tar.zst/lz4-1.10.0/lib/LICENSE","4bc9c403f6b679cc076dee210e0e21c27b4e8f6d3fb43d85364c76657bfaaac5 | 8b58c446121a109ccf32edc094bba3010a3d85e4ee3702950db55e4d3e87736c","","false","NO"
"liblzma-5.dll","payload/ocr/tesseract/liblzma-5.dll","dc9edb9bd83b0371fe68d96cb3e70cd17b7a5aba958326a18f8210cb812432e9","MSYS2_PACKAGE_BYTES","mingw-w64-x86_64-xz","5.8.3-1","spdx:0BSD AND LGPL-2.1-or-later AND GPL-2.0-or-later","PACKAGE_TEXT_HASH_VERIFIED","mingw64/share/licenses/xz/COPYING | mingw64/share/licenses/xz/COPYING.0BSD | mingw64/share/licenses/xz/COPYING.GPLv2 | mingw64/share/licenses/xz/COPYING.GPLv3 | mingw64/share/licenses/xz/COPYING.LGPLv2.1","616a3ad264ce29b8f1cb97e53037b139d406899ca8d1f799651e17bfa09830b8 | 0b01625d853911cd0e2e088dcfb743261034a091bb379246cb25a14cc4c74bf1 | edaef632cbb643e4e7a221717a6c441a4c1a7c918e6e4d56debc3d8739b233f6 | 3972dc9744f6499f0f9b2dbf76696f2ae7ad8af9b23dde66d6af86c9dfb36986 | 20e50fe7aae3e56378ebf0417d9de904f55a0e61e4df315333e632a4d3555d95","","false","NO"
"libopenjp2-7.dll","payload/ocr/tesseract/libopenjp2-7.dll","123587086cb1a25d2a338fb9b7c1d6bda10bf9062625b4f08c6a92b3d9cafe47","MSYS2_PACKAGE_BYTES","mingw-w64-x86_64-openjpeg2","2.5.4-2","spdx:BSD-2-Clause","PACKAGE_TEXT_HASH_VERIFIED","mingw64/share/licenses/openjpeg/LICENSE","a6af136f3e15038a666b61f376612a07d9a4e48cb7c01adbf3e33b3f14ab49b6","","false","NO"
"libpng16-16.dll","payload/ocr/tesseract/libpng16-16.dll","3737838ee8d6b893df7bdabf7439775371a57dce7e17ee6b35586023c64bd9ab","MSYS2_PACKAGE_BYTES","mingw-w64-x86_64-libpng","1.6.58-1","custom","PACKAGE_TEXT_HASH_VERIFIED","mingw64/share/licenses/libpng/LICENSE","bdb0a645ea18c60507d0368379b1ac5474b92255fcc2d115e07486a7672ba526","","false","NO"
"libpsl-5.dll","payload/ocr/tesseract/libpsl-5.dll","b31fc70eda598a39b65fe2736d815518db0652d641346f75eac40c2a0499b058","MSYS2_PACKAGE_BYTES","mingw-w64-x86_64-libpsl","0.21.5-3","spdx:MIT","PACKAGE_TEXT_HASH_VERIFIED","mingw64/share/licenses/libpsl/COPYING","322392e6001b2b3b0fca705dc9f11f26e12441188ecde50eb1d22909980b2925","","false","NO"
"libsharpyuv-0.dll","payload/ocr/tesseract/libsharpyuv-0.dll","ab0c9f61dc69b6bcdff1011e215f8d5fd6e5096aba9be3386ab87f217fbbeffe","MSYS2_PACKAGE_BYTES","mingw-w64-x86_64-libwebp","1.6.0-1","spdx:BSD-3-Clause","PACKAGE_TEXT_HASH_VERIFIED","mingw64/share/licenses/libwebp/COPYING","5aec868f669e384a22372a4e8a1a6cd7d44c64cd451f960ca69cc170d1e13acf","","false","NO"
"libssh2-1.dll","payload/ocr/tesseract/libssh2-1.dll","ee7fe3e749859334c99e9261689481dd879811122598d22585421f95d29fc7ae","MSYS2_PACKAGE_BYTES","mingw-w64-x86_64-libssh2-wincng","1.11.1-2","spdx:BSD-3-Clause","PACKAGE_TEXT_HASH_VERIFIED","mingw64/share/licenses/libssh2/LICENSE","f7f9633cf9ff2f1333f3d7ce46973a8716a4d2a2815ad56f30d437d5fea7bafe","","false","NO"
"libstdc++-6.dll","payload/ocr/tesseract/libstdc++-6.dll","3529d11c422b2aaf0bbad7221bf62ba7b5a39f854e89a015bb58b6b55a677da1","MSYS2_PACKAGE_BYTES","mingw-w64-x86_64-gcc-libs","16.1.0-5","spdx:GPL-3.0-or-later WITH GCC-exception-3.1 AND LGPL-2.1-or-later","PACKAGE_TEXT_HASH_VERIFIED","mingw64/share/licenses/gcc-libs/COPYING.LIB | mingw64/share/licenses/gcc-libs/COPYING.RUNTIME | mingw64/share/licenses/gcc-libs/COPYING3 | mingw64/share/licenses/gcc-libs/README","a9bdde5616ecdd1e980b44f360600ee8783b1f99b8cc83a2beb163a0a390e861 | 9d6b43ce4d8de0c878bf16b54d8e7a10d9bd42b75178153e3af6a815bdc90f74 | 8ceb4b9ee5adedde47b31e975c1d90c73ad27b6b165a1dcd80c7c545eb65b903 | 33400d067fa3e2bd670a0868dcdb60c9486e8f559b675cf9ff1ff55d4e0d06ab","","false","NO"
"libtesseract-5.5.dll","payload/ocr/tesseract/libtesseract-5.5.dll","667fe09b037678b16c58de5c46f2add2fa8dc42d35e35ed2f1959fa99b20d29a","MSYS2_PACKAGE_BYTES","mingw-w64-x86_64-tesseract-ocr","5.5.3-1","spdx:Apache-2.0","PACKAGE_TEXT_HASH_VERIFIED","mingw64/share/licenses/tesseract-ocr/LICENSE","cfc7749b96f63bd31c3c42b5c471bf756814053e847c10f3eb003417bc523d30","payload/runtime/packages/aistudio_sdk-0.3.9.dist-info/licenses/LICENSE | payload/runtime/packages/modelscope-1.40.1.dist-info/licenses/LICENSE | payload/runtime/packages/modelscope_hub-0.4.5.dist-info/licenses/LICENSE | payload/runtime/packages/propcache-0.5.4.dist-info/licenses/LICENSE | payload/runtime/packages/yarl-1.25.1.dist-info/licenses/LICENSE | payload/third-party-licenses/caddy/LICENSE | payload/third-party-licenses/notices/aistudio_sdk-0.3.9-py3-none-any.whl/aistudio_sdk-0.3.9.dist-info/licenses/LICENSE | payload/third-party-licenses/notices/modelscope-1.40.1-py3-none-any.whl/modelscope-1.40.1.dist-info/licenses/LICENSE | payload/third-party-licenses/notices/modelscope_hub-0.4.5-py3-none-any.whl/modelscope_hub-0.4.5.dist-info/licenses/LICENSE | payload/third-party-licenses/notices/propcache-0.5.4-cp313-cp313-win_amd64.whl/propcache-0.5.4.dist-info/licenses/LICENSE | payload/third-party-licenses/notices/yarl-1.25.1-cp313-cp313-win_amd64.whl/yarl-1.25.1.dist-info/licenses/LICENSE","false","NO"
"libtiff-6.dll","payload/ocr/tesseract/libtiff-6.dll","3a8255fa962a84412954dc811452cb7dfe7e0b5aea6297931d4cdd0b665d72b0","UPSTREAM_SOURCE_BUILD","libtiff","4.7.2","SOURCE_TEXT_ONLY_NOT_CLASSIFIED","SOURCE_TEXT_HASH_VERIFIED","tiff-4.7.2/LICENSE.md","0e27c2382d7b8147972bbb746e04059a1152c8d0fda9d03ef1399d1a433c4ade","","false","NO"
"libunistring-5.dll","payload/ocr/tesseract/libunistring-5.dll","b91e2850d3668d4931056a8f4d35783b8ec3eea3735485108a936a072cd16071","MSYS2_PACKAGE_BYTES","mingw-w64-x86_64-libunistring","1.4.2-1","spdx:LGPL-3.0-or-later OR GPL-3.0-or-later","PACKAGE_TEXT_HASH_VERIFIED","mingw64/share/licenses/libunistring/LICENSE | mingw64/share/licenses/libunistring/LICENSE.LIB","3972dc9744f6499f0f9b2dbf76696f2ae7ad8af9b23dde66d6af86c9dfb36986 | a853c2ffec17057872340eee242ae4d96cbf2b520ae27d903e1b2fef1a5f9d1c","","false","NO"
"libwebp-7.dll","payload/ocr/tesseract/libwebp-7.dll","c6c21a10f8cfe13270832e64640b82709e1d87b956b5f15af435a6c25acd6bbf","MSYS2_PACKAGE_BYTES","mingw-w64-x86_64-libwebp","1.6.0-1","spdx:BSD-3-Clause","PACKAGE_TEXT_HASH_VERIFIED","mingw64/share/licenses/libwebp/COPYING","5aec868f669e384a22372a4e8a1a6cd7d44c64cd451f960ca69cc170d1e13acf","","false","NO"
"libwebpmux-3.dll","payload/ocr/tesseract/libwebpmux-3.dll","2c8a2e9d7901ec65330f31f9989c2a07ef0506e903b485fcd8b241a6bab9b88f","MSYS2_PACKAGE_BYTES","mingw-w64-x86_64-libwebp","1.6.0-1","spdx:BSD-3-Clause","PACKAGE_TEXT_HASH_VERIFIED","mingw64/share/licenses/libwebp/COPYING","5aec868f669e384a22372a4e8a1a6cd7d44c64cd451f960ca69cc170d1e13acf","","false","NO"
"libwinpthread-1.dll","payload/ocr/tesseract/libwinpthread-1.dll","6a661d5846d80a91394dbb9b2dab87ba3cc705eac80ad45fe73677bff70cd6d2","MSYS2_PACKAGE_BYTES","mingw-w64-x86_64-libwinpthread","14.0.0.r220.gd999af622-1","spdx:MIT AND BSD-3-Clause-Clear","PACKAGE_TEXT_HASH_VERIFIED","mingw64/share/licenses/libwinpthread/COPYING","63263614cdd29f2f93cba85e992f041b31f9fc7b4033692f31269489a8a1b177","","false","NO"
"libzstd.dll","payload/ocr/tesseract/libzstd.dll","b95c223a9548a9ecf51377c962e0bc8f0c51eb0c6f67a296dbc885996f0dd40d","MSYS2_PACKAGE_BYTES","mingw-w64-x86_64-zstd","1.5.7-2","spdx:BSD-3-Clause OR GPL-2.0-or-later","PACKAGE_TEXT_HASH_VERIFIED","mingw64/share/licenses/zstd/LICENSE","7055266497633c9025b777c78eb7235af13922117480ed5c674677adc381c9d8","","false","NO"
"tesseract.exe","payload/ocr/tesseract/tesseract.exe","1b6fe79846732c10dfca15ed2110d597e04fa060da93ce64fcf76b9ae5e7f606","MSYS2_PACKAGE_BYTES","mingw-w64-x86_64-tesseract-ocr","5.5.3-1","spdx:Apache-2.0","PACKAGE_TEXT_HASH_VERIFIED","mingw64/share/licenses/tesseract-ocr/LICENSE","cfc7749b96f63bd31c3c42b5c471bf756814053e847c10f3eb003417bc523d30","payload/runtime/packages/aistudio_sdk-0.3.9.dist-info/licenses/LICENSE | payload/runtime/packages/modelscope-1.40.1.dist-info/licenses/LICENSE | payload/runtime/packages/modelscope_hub-0.4.5.dist-info/licenses/LICENSE | payload/runtime/packages/propcache-0.5.4.dist-info/licenses/LICENSE | payload/runtime/packages/yarl-1.25.1.dist-info/licenses/LICENSE | payload/third-party-licenses/caddy/LICENSE | payload/third-party-licenses/notices/aistudio_sdk-0.3.9-py3-none-any.whl/aistudio_sdk-0.3.9.dist-info/licenses/LICENSE | payload/third-party-licenses/notices/modelscope-1.40.1-py3-none-any.whl/modelscope-1.40.1.dist-info/licenses/LICENSE | payload/third-party-licenses/notices/modelscope_hub-0.4.5-py3-none-any.whl/modelscope_hub-0.4.5.dist-info/licenses/LICENSE | payload/third-party-licenses/notices/propcache-0.5.4-cp313-cp313-win_amd64.whl/propcache-0.5.4.dist-info/licenses/LICENSE | payload/third-party-licenses/notices/yarl-1.25.1-cp313-cp313-win_amd64.whl/yarl-1.25.1.dist-info/licenses/LICENSE","false","NO"
"zlib1.dll","payload/ocr/tesseract/zlib1.dll","93e9243a44c29200eeacaf9658efe2558581770e4b11ca4b500e18e424a6e3b5","MSYS2_PACKAGE_BYTES","mingw-w64-x86_64-zlib","1.3.2-2","spdx:Zlib","PACKAGE_TEXT_HASH_VERIFIED","mingw64/share/licenses/zlib/LICENSE","e32ff4e00d9d94930537635291da39e7e612703334bf6fde8c7f1686fe8a45a2","","false","NO"
