"dll","package","version","archive_sha256","license_relative_path","license_sha256"
"libarchive-13.dll","mingw-w64-x86_64-libarchive","3.8.8-2","25dd8243853b7a744c40aa5dcbfbc91116ee527b9c2e6ee6ee2f7300085611ca","mingw64/share/licenses/libarchive/LICENSE","30e556b3959e3985d66efefec5eaac51d4995053caa1d3cffe6eb916f146f229"
"libb2-1.dll","mingw-w64-x86_64-libb2","0.98.1-3","3c898f08c5f19e25dc6d7e39aa36b6f323141f0e62c5c50f089cd3f89711854c","mingw64/share/licenses/libb2/LICENSE","6a1ee543e5282cd9061881edf462e6fdab181f328da71fc2c9a6950a80e94d01"
"libbrotlicommon.dll","mingw-w64-x86_64-brotli","1.2.0-1","f5f2f7e723a08378241d15f0537386950c1a48e2d82bc47bedd632bd61852aba","mingw64/share/licenses/brotli/LICENSE","3d180008e36922a4e8daec11c34c7af264fed5962d07924aea928c38e8663c94"
"libbrotlidec.dll","mingw-w64-x86_64-brotli","1.2.0-1","f5f2f7e723a08378241d15f0537386950c1a48e2d82bc47bedd632bd61852aba","mingw64/share/licenses/brotli/LICENSE","3d180008e36922a4e8daec11c34c7af264fed5962d07924aea928c38e8663c94"
"libbz2-1.dll","mingw-w64-x86_64-bzip2","1.0.8-3","653ec97c18dc139ca94e2b4b9d161a9b4d9e77ceb18dfb064eb95ef2a71171b6","mingw64/share/licenses/bzip2/LICENSE","c6dbbf828498be844a89eaa3b84adbab3199e342eb5cb2ed2f0d4ba7ec0f38a3"
"libcurl-4.dll","mingw-w64-x86_64-curl-winssl","8.21.0-2","5bc07a331bd27e299dddbcbd6c62d2edaba3da0c09a70ab30d8c71307d1156fd","mingw64/share/licenses/curl/LICENSE","82f2f4427d6545ee5aaac4f0b80428da6cc8ba41c2cf5da3a03680ec327b9681"
"libdeflate.dll","mingw-w64-x86_64-libdeflate","1.25-1","75f921f6db5713c3a5d7d8e058684a9c5d31efe6eda131e0d05f408ed74f7475","mingw64/share/licenses/libdeflate/COPYING","4ad69099cb4374836fd27583d9991e2838cd86b6e4666ab26b2d32582c91e73a"
"libexpat-1.dll","mingw-w64-x86_64-expat","2.8.2-1","9f25550c738b7695164f4ea237af40512d7c63b4cd97aa417f3e0214930aca4f","mingw64/share/licenses/expat/COPYING","31b15de82aa19a845156169a17a5488bf597e561b2c318d159ed583139b25e87"
"libiconv-2.dll","mingw-w64-x86_64-libiconv","1.19-1","21e334d0911f25de75d3e18e0697648bcecfa9658256d600cad0827d719c2f35","mingw64/share/licenses/libiconv/COPYING","8ceb4b9ee5adedde47b31e975c1d90c73ad27b6b165a1dcd80c7c545eb65b903"
"libiconv-2.dll","mingw-w64-x86_64-libiconv","1.19-1","21e334d0911f25de75d3e18e0697648bcecfa9658256d600cad0827d719c2f35","mingw64/share/licenses/libiconv/COPYING.LIB","20e50fe7aae3e56378ebf0417d9de904f55a0e61e4df315333e632a4d3555d95"
"libiconv-2.dll","mingw-w64-x86_64-libiconv","1.19-1","21e334d0911f25de75d3e18e0697648bcecfa9658256d600cad0827d719c2f35","mingw64/share/licenses/libiconv/README","4ae66e61d1c6593c84c47105b368d579bcee1af566dbb959ec63a0c48425dcf4"
"libiconv-2.dll","mingw-w64-x86_64-libiconv","1.19-1","21e334d0911f25de75d3e18e0697648bcecfa9658256d600cad0827d719c2f35","mingw64/share/licenses/libiconv/libcharset/COPYING.LIB","20e50fe7aae3e56378ebf0417d9de904f55a0e61e4df315333e632a4d3555d95"
"libintl-8.dll","mingw-w64-x86_64-gettext-runtime","1.0-1","be68d7f260633284b910c588c6d82ee304a81c8817a686d2cd9df83f872c27af","mingw64/share/licenses/gettext-runtime/COPYING","7ef2cdfe58e0c0460657b6598b49af29d4e03c1e41cbaf0e1da1eb8ad74b95d0"
"libintl-8.dll","mingw-w64-x86_64-gettext-runtime","1.0-1","be68d7f260633284b910c588c6d82ee304a81c8817a686d2cd9df83f872c27af","mingw64/share/licenses/gettext-runtime/intl/COPYING.LIB","20e50fe7aae3e56378ebf0417d9de904f55a0e61e4df315333e632a4d3555d95"
"libintl-8.dll","mingw-w64-x86_64-gettext-runtime","1.0-1","be68d7f260633284b910c588c6d82ee304a81c8817a686d2cd9df83f872c27af","mingw64/share/licenses/gettext-runtime/libasprintf/COPYING","03133addae5b99a6148c538300e6d97074453089be1423b741bd081f18e2b298"
"libintl-8.dll","mingw-w64-x86_64-gettext-runtime","1.0-1","be68d7f260633284b910c588c6d82ee304a81c8817a686d2cd9df83f872c27af","mingw64/share/licenses/gettext-runtime/libasprintf/COPYING.LIB","20e50fe7aae3e56378ebf0417d9de904f55a0e61e4df315333e632a4d3555d95"
"libjbig-0.dll","mingw-w64-x86_64-jbigkit","2.1-5","3343b02d3b5e5e44304d68f0122f2de1faba2df6c180b8ddc8ef01f9ad5fe75a","mingw64/share/licenses/jbigkit/COPYING","91df39d1816bfb17a4dda2d3d2c83b1f6f2d38d53e53e41e8f97ad5ac46a0cad"
"libjpeg-8.dll","mingw-w64-x86_64-libjpeg-turbo","3.2.0-1","ef3f55cf5238a8045c8f37796d730e4a5ee619d29ca9254aaa62456e5b5b7e51","mingw64/share/licenses/libjpeg-turbo/LICENSE.md","ba6bceebcba0fdd35488477c2cca8c4632ce82c74dbfbc87d886ce6fc4433579"
"libjpeg-8.dll","mingw-w64-x86_64-libjpeg-turbo","3.2.0-1","ef3f55cf5238a8045c8f37796d730e4a5ee619d29ca9254aaa62456e5b5b7e51","mingw64/share/licenses/libjpeg-turbo/README.ijg","75815e3bf6484201a3c3d17a1bbf10f2e8e3237f84df10a2357ea896db2a81d6"
"libjpeg-8.dll","mingw-w64-x86_64-libjpeg-turbo","3.2.0-1","ef3f55cf5238a8045c8f37796d730e4a5ee619d29ca9254aaa62456e5b5b7e51","mingw64/share/licenses/libjpeg-turbo/README.md","a44ba17ac66c57edaf0ea7c6e4b31358f08322c780e4e6af092082abb3e20793"
"libjpeg-8.dll","mingw-w64-x86_64-libjpeg-turbo","3.2.0-1","ef3f55cf5238a8045c8f37796d730e4a5ee619d29ca9254aaa62456e5b5b7e51","mingw64/share/licenses/libjpeg-turbo/simd/jsimdext.inc","68c5d236785edf75344cebe8b9bec36568bd35c96eb72cc67ffecd66c17dbd74"
"libleptonica-6.dll","mingw-w64-x86_64-leptonica","1.87.0-1","702d6ee60255b083aa37a3cbbe1a53ef253d9119204d0478d025efea2d0c91f9","mingw64/share/licenses/leptonica/LICENSE","87829abb5bbb00b55a107365da89e9a33f86c4250169e5a1e5588505be7d5806"
"liblerc.dll","mingw-w64-x86_64-lerc","4.1.1-1","5bc170650bc02812a7c674a5f7b8ff2781b4bfa259ab2da2264c3008e2a04c72","mingw64/share/licenses/lerc/LICENSE","77a8b761727c75e2167b15bfdf61b2c0bcf8792271228bebe80779106ad00671"
"liblzma-5.dll","mingw-w64-x86_64-xz","5.8.3-1","075bfaf1c7527f2fdd02ad5b973378e1e8d426ba7b614f122cebd81a8fe5d1c1","mingw64/share/licenses/xz/COPYING","616a3ad264ce29b8f1cb97e53037b139d406899ca8d1f799651e17bfa09830b8"
"liblzma-5.dll","mingw-w64-x86_64-xz","5.8.3-1","075bfaf1c7527f2fdd02ad5b973378e1e8d426ba7b614f122cebd81a8fe5d1c1","mingw64/share/licenses/xz/COPYING.0BSD","0b01625d853911cd0e2e088dcfb743261034a091bb379246cb25a14cc4c74bf1"
"liblzma-5.dll","mingw-w64-x86_64-xz","5.8.3-1","075bfaf1c7527f2fdd02ad5b973378e1e8d426ba7b614f122cebd81a8fe5d1c1","mingw64/share/licenses/xz/COPYING.GPLv2","edaef632cbb643e4e7a221717a6c441a4c1a7c918e6e4d56debc3d8739b233f6"
"liblzma-5.dll","mingw-w64-x86_64-xz","5.8.3-1","075bfaf1c7527f2fdd02ad5b973378e1e8d426ba7b614f122cebd81a8fe5d1c1","mingw64/share/licenses/xz/COPYING.GPLv3","3972dc9744f6499f0f9b2dbf76696f2ae7ad8af9b23dde66d6af86c9dfb36986"
"liblzma-5.dll","mingw-w64-x86_64-xz","5.8.3-1","075bfaf1c7527f2fdd02ad5b973378e1e8d426ba7b614f122cebd81a8fe5d1c1","mingw64/share/licenses/xz/COPYING.LGPLv2.1","20e50fe7aae3e56378ebf0417d9de904f55a0e61e4df315333e632a4d3555d95"
"libopenjp2-7.dll","mingw-w64-x86_64-openjpeg2","2.5.4-2","32f8f5dc7df9f1f2d57157717136fbba431e15bc000420c953c00ffdf76ecde4","mingw64/share/licenses/openjpeg/LICENSE","a6af136f3e15038a666b61f376612a07d9a4e48cb7c01adbf3e33b3f14ab49b6"
"libpng16-16.dll","mingw-w64-x86_64-libpng","1.6.58-1","d8ae6066f99b3a04b83b8013b554a26a205d7e68580b80823c173ed045ba76a5","mingw64/share/licenses/libpng/LICENSE","bdb0a645ea18c60507d0368379b1ac5474b92255fcc2d115e07486a7672ba526"
"libpsl-5.dll","mingw-w64-x86_64-libpsl","0.21.5-3","2a86f7ce3cd3fabff7eb8e5c0d3eb1134808881a44c3838e1b518b75cb402e35","mingw64/share/licenses/libpsl/COPYING","322392e6001b2b3b0fca705dc9f11f26e12441188ecde50eb1d22909980b2925"
"libsharpyuv-0.dll","mingw-w64-x86_64-libwebp","1.6.0-1","360b1690d41eb497dfe50526460a2424600a6a806cbb76c5b0fec9f14623ac59","mingw64/share/licenses/libwebp/COPYING","5aec868f669e384a22372a4e8a1a6cd7d44c64cd451f960ca69cc170d1e13acf"
"libssh2-1.dll","mingw-w64-x86_64-libssh2-wincng","1.11.1-2","3c5e60ffbe4789f97b0defe01f52cfcaf8191bb19c0d070083b21506bf0fc0c1","mingw64/share/licenses/libssh2/LICENSE","f7f9633cf9ff2f1333f3d7ce46973a8716a4d2a2815ad56f30d437d5fea7bafe"
"libtiff-6.dll","mingw-w64-x86_64-libtiff","4.7.2-1","ebc466fa5664c1528834c59ee7134ba57df6db224e503b690870e2c613f30c3e","mingw64/share/licenses/libtiff/LICENSE.md","0e27c2382d7b8147972bbb746e04059a1152c8d0fda9d03ef1399d1a433c4ade"
"libunistring-5.dll","mingw-w64-x86_64-libunistring","1.4.2-1","c940cf52fb2b579baa596d3c1d911f7544cbf90f8bd19c260377aa115c65b059","mingw64/share/licenses/libunistring/LICENSE","3972dc9744f6499f0f9b2dbf76696f2ae7ad8af9b23dde66d6af86c9dfb36986"
"libunistring-5.dll","mingw-w64-x86_64-libunistring","1.4.2-1","c940cf52fb2b579baa596d3c1d911f7544cbf90f8bd19c260377aa115c65b059","mingw64/share/licenses/libunistring/LICENSE.LIB","a853c2ffec17057872340eee242ae4d96cbf2b520ae27d903e1b2fef1a5f9d1c"
"libwebp-7.dll","mingw-w64-x86_64-libwebp","1.6.0-1","360b1690d41eb497dfe50526460a2424600a6a806cbb76c5b0fec9f14623ac59","mingw64/share/licenses/libwebp/COPYING","5aec868f669e384a22372a4e8a1a6cd7d44c64cd451f960ca69cc170d1e13acf"
"libwebpmux-3.dll","mingw-w64-x86_64-libwebp","1.6.0-1","360b1690d41eb497dfe50526460a2424600a6a806cbb76c5b0fec9f14623ac59","mingw64/share/licenses/libwebp/COPYING","5aec868f669e384a22372a4e8a1a6cd7d44c64cd451f960ca69cc170d1e13acf"
"libwinpthread-1.dll","mingw-w64-x86_64-libwinpthread","14.0.0.r220.gd999af622-1","16bf944184656c6976b3c8b9ca872da49560d8b7cced36a63fe6638c6e63ae45","mingw64/share/licenses/libwinpthread/COPYING","63263614cdd29f2f93cba85e992f041b31f9fc7b4033692f31269489a8a1b177"
"libzstd.dll","mingw-w64-x86_64-zstd","1.5.7-2","1add6705b344664f6aca108c85f79ab5bdd9e1162662bb06a4cf40a34f6e0907","mingw64/share/licenses/zstd/LICENSE","7055266497633c9025b777c78eb7235af13922117480ed5c674677adc381c9d8"
"zlib1.dll","mingw-w64-x86_64-zlib","1.3.2-2","9e75842a070ba648e986e12424e1c92c9d7d77200e85f6a34eeb600819f2e694","mingw64/share/licenses/zlib/LICENSE","e32ff4e00d9d94930537635291da39e7e612703334bf6fde8c7f1686fe8a45a2"
