binary,binary_sha256,source_kind,source_name,source_version,source_sha256,package_declared_license,license_evidence_status,license_evidence_path,license_evidence_sha256,prior_binary_sha256,release_obligations_reviewed
libarchive-13.dll,ddabddfdc98e1e1342ce4a7069fb4004de6c870d7bc9f4e95ef243dd18468e97,MSYS2_PACKAGE_BYTES,mingw-w64-x86_64-libarchive,3.8.8-2,25dd8243853b7a744c40aa5dcbfbc91116ee527b9c2e6ee6ee2f7300085611ca,spdx:BSD-2-Clause,PACKAGE_TEXT_HASH_VERIFIED,mingw64/share/licenses/libarchive/LICENSE,30e556b3959e3985d66efefec5eaac51d4995053caa1d3cffe6eb916f146f229,ddabddfdc98e1e1342ce4a7069fb4004de6c870d7bc9f4e95ef243dd18468e97,NO
libb2-1.dll,77bab532b5421d6cdddb96c3ae9a4bde144eb481ccaf243336c9f8c690a50987,MSYS2_PACKAGE_BYTES,mingw-w64-x86_64-libb2,0.98.1-3,3c898f08c5f19e25dc6d7e39aa36b6f323141f0e62c5c50f089cd3f89711854c,custom:CC0,PACKAGE_TEXT_HASH_VERIFIED,mingw64/share/licenses/libb2/LICENSE,6a1ee543e5282cd9061881edf462e6fdab181f328da71fc2c9a6950a80e94d01,77bab532b5421d6cdddb96c3ae9a4bde144eb481ccaf243336c9f8c690a50987,NO
libbrotlicommon.dll,ca7bc06ead80259971badf2cd0bfc688db9154dad65f139f49a38b4be9976f97,MSYS2_PACKAGE_BYTES,mingw-w64-x86_64-brotli,1.2.0-1,f5f2f7e723a08378241d15f0537386950c1a48e2d82bc47bedd632bd61852aba,spdx:MIT,PACKAGE_TEXT_HASH_VERIFIED,mingw64/share/licenses/brotli/LICENSE,3d180008e36922a4e8daec11c34c7af264fed5962d07924aea928c38e8663c94,ca7bc06ead80259971badf2cd0bfc688db9154dad65f139f49a38b4be9976f97,NO
libbrotlidec.dll,a142dc6cfa77cb907028aa9426f486f3d8de37855e8db2ae2894147908121881,MSYS2_PACKAGE_BYTES,mingw-w64-x86_64-brotli,1.2.0-1,f5f2f7e723a08378241d15f0537386950c1a48e2d82bc47bedd632bd61852aba,spdx:MIT,PACKAGE_TEXT_HASH_VERIFIED,mingw64/share/licenses/brotli/LICENSE,3d180008e36922a4e8daec11c34c7af264fed5962d07924aea928c38e8663c94,a142dc6cfa77cb907028aa9426f486f3d8de37855e8db2ae2894147908121881,NO
libbz2-1.dll,b79cd3a7102e359ef6324e98966a67939e58ec2b651ae2847cae84a4dfa453f7,MSYS2_PACKAGE_BYTES,mingw-w64-x86_64-bzip2,1.0.8-3,653ec97c18dc139ca94e2b4b9d161a9b4d9e77ceb18dfb064eb95ef2a71171b6,custom,PACKAGE_TEXT_HASH_VERIFIED,mingw64/share/licenses/bzip2/LICENSE,c6dbbf828498be844a89eaa3b84adbab3199e342eb5cb2ed2f0d4ba7ec0f38a3,b79cd3a7102e359ef6324e98966a67939e58ec2b651ae2847cae84a4dfa453f7,NO
libcurl-4.dll,3d302f9690e810fdfd950254e2f0663d0ff768737f350c602a4ed3a06e9b6b2b,MSYS2_PACKAGE_BYTES,mingw-w64-x86_64-curl-winssl,8.21.0-2,5bc07a331bd27e299dddbcbd6c62d2edaba3da0c09a70ab30d8c71307d1156fd,spdx:MIT,PACKAGE_TEXT_HASH_VERIFIED,mingw64/share/licenses/curl/LICENSE,82f2f4427d6545ee5aaac4f0b80428da6cc8ba41c2cf5da3a03680ec327b9681,3d302f9690e810fdfd950254e2f0663d0ff768737f350c602a4ed3a06e9b6b2b,NO
libdeflate.dll,3f3fc3a73bc3623dc93b37bb321c484d3731d93006fd01c0495d15711826eb44,MSYS2_PACKAGE_BYTES,mingw-w64-x86_64-libdeflate,1.25-1,75f921f6db5713c3a5d7d8e058684a9c5d31efe6eda131e0d05f408ed74f7475,spdx:MIT,PACKAGE_TEXT_HASH_VERIFIED,mingw64/share/licenses/libdeflate/COPYING,4ad69099cb4374836fd27583d9991e2838cd86b6e4666ab26b2d32582c91e73a,3f3fc3a73bc3623dc93b37bb321c484d3731d93006fd01c0495d15711826eb44,NO
libexpat-1.dll,92ae866c6c58dd2d8366aa0e6230ba8d434d5306e8d8c3a08b7e61750fc16153,MSYS2_PACKAGE_BYTES,mingw-w64-x86_64-expat,2.8.2-1,9f25550c738b7695164f4ea237af40512d7c63b4cd97aa417f3e0214930aca4f,spdx:MIT,PACKAGE_TEXT_HASH_VERIFIED,mingw64/share/licenses/expat/COPYING,31b15de82aa19a845156169a17a5488bf597e561b2c318d159ed583139b25e87,92ae866c6c58dd2d8366aa0e6230ba8d434d5306e8d8c3a08b7e61750fc16153,NO
libgcc_s_seh-1.dll,278f1101f2371c58b6b412a3206718e22343940a5164aceb4fb75f2bf3b38ed4,MSYS2_PACKAGE_BYTES,mingw-w64-x86_64-gcc-libs,16.1.0-5,aa560f5438c35b71c3e7b24fd5becbca028f70c5b4d1f1697a86ff80fec947da,spdx:GPL-3.0-or-later WITH GCC-exception-3.1 AND LGPL-2.1-or-later,PACKAGE_TEXT_HASH_VERIFIED,mingw64/share/licenses/gcc-libs/COPYING.LIB | mingw64/share/licenses/gcc-libs/COPYING.RUNTIME | mingw64/share/licenses/gcc-libs/COPYING3 | mingw64/share/licenses/gcc-libs/README,a9bdde5616ecdd1e980b44f360600ee8783b1f99b8cc83a2beb163a0a390e861 | 9d6b43ce4d8de0c878bf16b54d8e7a10d9bd42b75178153e3af6a815bdc90f74 | 8ceb4b9ee5adedde47b31e975c1d90c73ad27b6b165a1dcd80c7c545eb65b903 | 33400d067fa3e2bd670a0868dcdb60c9486e8f559b675cf9ff1ff55d4e0d06ab,278f1101f2371c58b6b412a3206718e22343940a5164aceb4fb75f2bf3b38ed4,NO
libgif-7.dll,5b3d837ccaab84683dd93fbaddf2d98e1a9f90e0ddb8ea73dc70157adb4d26f1,MSYS2_PACKAGE_BYTES,mingw-w64-x86_64-giflib,6.1.3-1,bfa540ab9892bbc5161e3f81fcfb0ca71f44bd2e00478b5df79f899825c523f5,spdx:MIT,PRIOR_A04_SOURCE_TEXT_REFERENCE,mingw-w64-giflib-6.1.3-1.src.tar.zst/giflib-6.1.3/COPYING,ed5d90cb4a041bddad679470a071302ab05ae5d0ec2cf8f9c97ad7b2708751e6,5b3d837ccaab84683dd93fbaddf2d98e1a9f90e0ddb8ea73dc70157adb4d26f1,NO
libgomp-1.dll,d40d5850b92e3dddc488781b7e04ea1ca531c728ce003657329cfd319eb6efd1,MSYS2_PACKAGE_BYTES,mingw-w64-x86_64-gcc-libs,16.1.0-5,aa560f5438c35b71c3e7b24fd5becbca028f70c5b4d1f1697a86ff80fec947da,spdx:GPL-3.0-or-later WITH GCC-exception-3.1 AND LGPL-2.1-or-later,PACKAGE_TEXT_HASH_VERIFIED,mingw64/share/licenses/gcc-libs/COPYING.LIB | mingw64/share/licenses/gcc-libs/COPYING.RUNTIME | mingw64/share/licenses/gcc-libs/COPYING3 | mingw64/share/licenses/gcc-libs/README,a9bdde5616ecdd1e980b44f360600ee8783b1f99b8cc83a2beb163a0a390e861 | 9d6b43ce4d8de0c878bf16b54d8e7a10d9bd42b75178153e3af6a815bdc90f74 | 8ceb4b9ee5adedde47b31e975c1d90c73ad27b6b165a1dcd80c7c545eb65b903 | 33400d067fa3e2bd670a0868dcdb60c9486e8f559b675cf9ff1ff55d4e0d06ab,d40d5850b92e3dddc488781b7e04ea1ca531c728ce003657329cfd319eb6efd1,NO
libiconv-2.dll,7a282a854e01be726c6cccfe46f548c716aa45b3014818468253aaa4efbcd067,MSYS2_PACKAGE_BYTES,mingw-w64-x86_64-libiconv,1.19-1,21e334d0911f25de75d3e18e0697648bcecfa9658256d600cad0827d719c2f35,spdx:LGPL-2.1-or-later | documentation:spdx:GPL-3.0-or-later,PACKAGE_TEXT_HASH_VERIFIED,mingw64/share/licenses/libiconv/COPYING | mingw64/share/licenses/libiconv/COPYING.LIB | mingw64/share/licenses/libiconv/README | mingw64/share/licenses/libiconv/libcharset/COPYING.LIB,8ceb4b9ee5adedde47b31e975c1d90c73ad27b6b165a1dcd80c7c545eb65b903 | 20e50fe7aae3e56378ebf0417d9de904f55a0e61e4df315333e632a4d3555d95 | 4ae66e61d1c6593c84c47105b368d579bcee1af566dbb959ec63a0c48425dcf4 | 20e50fe7aae3e56378ebf0417d9de904f55a0e61e4df315333e632a4d3555d95,7a282a854e01be726c6cccfe46f548c716aa45b3014818468253aaa4efbcd067,NO
libidn2-0.dll,9880b52651a0247640a2531d777380f7c35fac7efa7e3979b265ddcb78db8642,MSYS2_PACKAGE_BYTES,mingw-w64-x86_64-libidn2,2.3.8-4,f98a157446f9ac35465022e329cdaf6169b0c9fa19837e9d80aff9d4e5109013,spdx:GPL-2.0-or-later | spdx:LGPL-3.0-or-later,PRIOR_A04_SOURCE_TEXT_REFERENCE,mingw-w64-libidn2-2.3.8-4.src.tar.zst/libidn2-2.3.8/README | mingw-w64-libidn2-2.3.8-4.src.tar.zst/libidn2-2.3.8/COPYINGv2 | mingw-w64-libidn2-2.3.8-4.src.tar.zst/libidn2-2.3.8/COPYING.LESSERv3 | mingw-w64-libidn2-2.3.8-4.src.tar.zst/libidn2-2.3.8/COPYING.unicode,fd8b5fd38cb6e5599ff412bf7411108e83c830aea75a47bcc96c86f05b8ff607 | edaef632cbb643e4e7a221717a6c441a4c1a7c918e6e4d56debc3d8739b233f6 | e3a994d82e644b03a792a930f574002658412f62407f5fee083f2555c5f23118 | 01d621eef165cf4d3d3dbb737aa0699178d94c6f18cf87e9dde6db3ca7790f46,9880b52651a0247640a2531d777380f7c35fac7efa7e3979b265ddcb78db8642,NO
libintl-8.dll,0537c3dd2378218508ebe3cc416d72a99ee2d24ae1c5525e23458f32544ef861,MSYS2_PACKAGE_BYTES,mingw-w64-x86_64-gettext-runtime,1.0-1,be68d7f260633284b910c588c6d82ee304a81c8817a686d2cd9df83f872c27af,spdx:GPL-3.0-or-later AND LGPL-2.1-or-later,PACKAGE_TEXT_HASH_VERIFIED,mingw64/share/licenses/gettext-runtime/COPYING | mingw64/share/licenses/gettext-runtime/intl/COPYING.LIB | mingw64/share/licenses/gettext-runtime/libasprintf/COPYING | mingw64/share/licenses/gettext-runtime/libasprintf/COPYING.LIB,7ef2cdfe58e0c0460657b6598b49af29d4e03c1e41cbaf0e1da1eb8ad74b95d0 | 20e50fe7aae3e56378ebf0417d9de904f55a0e61e4df315333e632a4d3555d95 | 03133addae5b99a6148c538300e6d97074453089be1423b741bd081f18e2b298 | 20e50fe7aae3e56378ebf0417d9de904f55a0e61e4df315333e632a4d3555d95,0537c3dd2378218508ebe3cc416d72a99ee2d24ae1c5525e23458f32544ef861,NO
libjpeg-8.dll,b564d34adaca83e73af0e2231719dd0198ea6cd074c64b2ba85bfd7182f27db7,MSYS2_PACKAGE_BYTES,mingw-w64-x86_64-libjpeg-turbo,3.2.0-1,ef3f55cf5238a8045c8f37796d730e4a5ee619d29ca9254aaa62456e5b5b7e51,custom:BSD-like,PACKAGE_TEXT_HASH_VERIFIED,mingw64/share/licenses/libjpeg-turbo/LICENSE.md | mingw64/share/licenses/libjpeg-turbo/README.ijg | mingw64/share/licenses/libjpeg-turbo/README.md | mingw64/share/licenses/libjpeg-turbo/simd/jsimdext.inc,ba6bceebcba0fdd35488477c2cca8c4632ce82c74dbfbc87d886ce6fc4433579 | 75815e3bf6484201a3c3d17a1bbf10f2e8e3237f84df10a2357ea896db2a81d6 | a44ba17ac66c57edaf0ea7c6e4b31358f08322c780e4e6af092082abb3e20793 | 68c5d236785edf75344cebe8b9bec36568bd35c96eb72cc67ffecd66c17dbd74,b564d34adaca83e73af0e2231719dd0198ea6cd074c64b2ba85bfd7182f27db7,NO
libleptonica-6.dll,1869b44e3d46fd830620b042477e5d60a950779582f38f60291547efb27792f1,MSYS2_PACKAGE_BYTES,mingw-w64-x86_64-leptonica,1.87.0-1,702d6ee60255b083aa37a3cbbe1a53ef253d9119204d0478d025efea2d0c91f9,spdx:BSD-2-Clause,PACKAGE_TEXT_HASH_VERIFIED,mingw64/share/licenses/leptonica/LICENSE,87829abb5bbb00b55a107365da89e9a33f86c4250169e5a1e5588505be7d5806,1869b44e3d46fd830620b042477e5d60a950779582f38f60291547efb27792f1,NO
liblerc.dll,6887fb5aeabf382a835a4cb693025e8d48d9c90e82ca4eae5d2d8ffb70c6ca9a,MSYS2_PACKAGE_BYTES,mingw-w64-x86_64-lerc,4.1.1-1,5bc170650bc02812a7c674a5f7b8ff2781b4bfa259ab2da2264c3008e2a04c72,spdx:Apache-2.0,PACKAGE_TEXT_HASH_VERIFIED,mingw64/share/licenses/lerc/LICENSE,77a8b761727c75e2167b15bfdf61b2c0bcf8792271228bebe80779106ad00671,6887fb5aeabf382a835a4cb693025e8d48d9c90e82ca4eae5d2d8ffb70c6ca9a,NO
liblz4.dll,35f917274bca8f19677ba66f1b3cc3c83568c3249fc43215fc16e76439c8e856,MSYS2_PACKAGE_BYTES,mingw-w64-x86_64-lz4,1.10.0-1,a4c5a3bcd26111554c87591275b8a681bfa4473d1607647e24c22ef6213c055c,BSD | GPL2,PRIOR_A04_SOURCE_TEXT_REFERENCE,mingw-w64-lz4-1.10.0-1.src.tar.zst/lz4-1.10.0/LICENSE | mingw-w64-lz4-1.10.0-1.src.tar.zst/lz4-1.10.0/lib/LICENSE,4bc9c403f6b679cc076dee210e0e21c27b4e8f6d3fb43d85364c76657bfaaac5 | 8b58c446121a109ccf32edc094bba3010a3d85e4ee3702950db55e4d3e87736c,35f917274bca8f19677ba66f1b3cc3c83568c3249fc43215fc16e76439c8e856,NO
liblzma-5.dll,dc9edb9bd83b0371fe68d96cb3e70cd17b7a5aba958326a18f8210cb812432e9,MSYS2_PACKAGE_BYTES,mingw-w64-x86_64-xz,5.8.3-1,075bfaf1c7527f2fdd02ad5b973378e1e8d426ba7b614f122cebd81a8fe5d1c1,spdx:0BSD AND LGPL-2.1-or-later AND GPL-2.0-or-later,PACKAGE_TEXT_HASH_VERIFIED,mingw64/share/licenses/xz/COPYING | mingw64/share/licenses/xz/COPYING.0BSD | mingw64/share/licenses/xz/COPYING.GPLv2 | mingw64/share/licenses/xz/COPYING.GPLv3 | mingw64/share/licenses/xz/COPYING.LGPLv2.1,616a3ad264ce29b8f1cb97e53037b139d406899ca8d1f799651e17bfa09830b8 | 0b01625d853911cd0e2e088dcfb743261034a091bb379246cb25a14cc4c74bf1 | edaef632cbb643e4e7a221717a6c441a4c1a7c918e6e4d56debc3d8739b233f6 | 3972dc9744f6499f0f9b2dbf76696f2ae7ad8af9b23dde66d6af86c9dfb36986 | 20e50fe7aae3e56378ebf0417d9de904f55a0e61e4df315333e632a4d3555d95,dc9edb9bd83b0371fe68d96cb3e70cd17b7a5aba958326a18f8210cb812432e9,NO
libopenjp2-7.dll,123587086cb1a25d2a338fb9b7c1d6bda10bf9062625b4f08c6a92b3d9cafe47,MSYS2_PACKAGE_BYTES,mingw-w64-x86_64-openjpeg2,2.5.4-2,32f8f5dc7df9f1f2d57157717136fbba431e15bc000420c953c00ffdf76ecde4,spdx:BSD-2-Clause,PACKAGE_TEXT_HASH_VERIFIED,mingw64/share/licenses/openjpeg/LICENSE,a6af136f3e15038a666b61f376612a07d9a4e48cb7c01adbf3e33b3f14ab49b6,123587086cb1a25d2a338fb9b7c1d6bda10bf9062625b4f08c6a92b3d9cafe47,NO
libpng16-16.dll,3737838ee8d6b893df7bdabf7439775371a57dce7e17ee6b35586023c64bd9ab,MSYS2_PACKAGE_BYTES,mingw-w64-x86_64-libpng,1.6.58-1,d8ae6066f99b3a04b83b8013b554a26a205d7e68580b80823c173ed045ba76a5,custom,PACKAGE_TEXT_HASH_VERIFIED,mingw64/share/licenses/libpng/LICENSE,bdb0a645ea18c60507d0368379b1ac5474b92255fcc2d115e07486a7672ba526,3737838ee8d6b893df7bdabf7439775371a57dce7e17ee6b35586023c64bd9ab,NO
libpsl-5.dll,b31fc70eda598a39b65fe2736d815518db0652d641346f75eac40c2a0499b058,MSYS2_PACKAGE_BYTES,mingw-w64-x86_64-libpsl,0.21.5-3,2a86f7ce3cd3fabff7eb8e5c0d3eb1134808881a44c3838e1b518b75cb402e35,spdx:MIT,PACKAGE_TEXT_HASH_VERIFIED,mingw64/share/licenses/libpsl/COPYING,322392e6001b2b3b0fca705dc9f11f26e12441188ecde50eb1d22909980b2925,b31fc70eda598a39b65fe2736d815518db0652d641346f75eac40c2a0499b058,NO
libsharpyuv-0.dll,ab0c9f61dc69b6bcdff1011e215f8d5fd6e5096aba9be3386ab87f217fbbeffe,MSYS2_PACKAGE_BYTES,mingw-w64-x86_64-libwebp,1.6.0-1,360b1690d41eb497dfe50526460a2424600a6a806cbb76c5b0fec9f14623ac59,spdx:BSD-3-Clause,PACKAGE_TEXT_HASH_VERIFIED,mingw64/share/licenses/libwebp/COPYING,5aec868f669e384a22372a4e8a1a6cd7d44c64cd451f960ca69cc170d1e13acf,ab0c9f61dc69b6bcdff1011e215f8d5fd6e5096aba9be3386ab87f217fbbeffe,NO
libssh2-1.dll,ee7fe3e749859334c99e9261689481dd879811122598d22585421f95d29fc7ae,MSYS2_PACKAGE_BYTES,mingw-w64-x86_64-libssh2-wincng,1.11.1-2,3c5e60ffbe4789f97b0defe01f52cfcaf8191bb19c0d070083b21506bf0fc0c1,spdx:BSD-3-Clause,PACKAGE_TEXT_HASH_VERIFIED,mingw64/share/licenses/libssh2/LICENSE,f7f9633cf9ff2f1333f3d7ce46973a8716a4d2a2815ad56f30d437d5fea7bafe,ee7fe3e749859334c99e9261689481dd879811122598d22585421f95d29fc7ae,NO
libstdc++-6.dll,3529d11c422b2aaf0bbad7221bf62ba7b5a39f854e89a015bb58b6b55a677da1,MSYS2_PACKAGE_BYTES,mingw-w64-x86_64-gcc-libs,16.1.0-5,aa560f5438c35b71c3e7b24fd5becbca028f70c5b4d1f1697a86ff80fec947da,spdx:GPL-3.0-or-later WITH GCC-exception-3.1 AND LGPL-2.1-or-later,PACKAGE_TEXT_HASH_VERIFIED,mingw64/share/licenses/gcc-libs/COPYING.LIB | mingw64/share/licenses/gcc-libs/COPYING.RUNTIME | mingw64/share/licenses/gcc-libs/COPYING3 | mingw64/share/licenses/gcc-libs/README,a9bdde5616ecdd1e980b44f360600ee8783b1f99b8cc83a2beb163a0a390e861 | 9d6b43ce4d8de0c878bf16b54d8e7a10d9bd42b75178153e3af6a815bdc90f74 | 8ceb4b9ee5adedde47b31e975c1d90c73ad27b6b165a1dcd80c7c545eb65b903 | 33400d067fa3e2bd670a0868dcdb60c9486e8f559b675cf9ff1ff55d4e0d06ab,3529d11c422b2aaf0bbad7221bf62ba7b5a39f854e89a015bb58b6b55a677da1,NO
libtesseract-5.5.dll,667fe09b037678b16c58de5c46f2add2fa8dc42d35e35ed2f1959fa99b20d29a,MSYS2_PACKAGE_BYTES,mingw-w64-x86_64-tesseract-ocr,5.5.3-1,67c0a857e9f028f88d1463c0293885d806334346a81d70be5e38f08bad11e1e3,spdx:Apache-2.0,PACKAGE_TEXT_HASH_VERIFIED,mingw64/share/licenses/tesseract-ocr/LICENSE,cfc7749b96f63bd31c3c42b5c471bf756814053e847c10f3eb003417bc523d30,667fe09b037678b16c58de5c46f2add2fa8dc42d35e35ed2f1959fa99b20d29a,NO
libtiff-6.dll,3a8255fa962a84412954dc811452cb7dfe7e0b5aea6297931d4cdd0b665d72b0,UPSTREAM_SOURCE_BUILD,libtiff,4.7.2,672bd7d10aee4606171afb864f3570b83340f6a33e2c186dc0512f7145ffdf6a,SOURCE_TEXT_ONLY_NOT_CLASSIFIED,SOURCE_TEXT_HASH_VERIFIED,tiff-4.7.2/LICENSE.md,0e27c2382d7b8147972bbb746e04059a1152c8d0fda9d03ef1399d1a433c4ade,47fe69165bf8e211aaa84224f51f145dc894e330fe7ca167f7c99419e0c8c894,NO
libunistring-5.dll,b91e2850d3668d4931056a8f4d35783b8ec3eea3735485108a936a072cd16071,MSYS2_PACKAGE_BYTES,mingw-w64-x86_64-libunistring,1.4.2-1,c940cf52fb2b579baa596d3c1d911f7544cbf90f8bd19c260377aa115c65b059,spdx:LGPL-3.0-or-later OR GPL-3.0-or-later,PACKAGE_TEXT_HASH_VERIFIED,mingw64/share/licenses/libunistring/LICENSE | mingw64/share/licenses/libunistring/LICENSE.LIB,3972dc9744f6499f0f9b2dbf76696f2ae7ad8af9b23dde66d6af86c9dfb36986 | a853c2ffec17057872340eee242ae4d96cbf2b520ae27d903e1b2fef1a5f9d1c,b91e2850d3668d4931056a8f4d35783b8ec3eea3735485108a936a072cd16071,NO
libwebp-7.dll,c6c21a10f8cfe13270832e64640b82709e1d87b956b5f15af435a6c25acd6bbf,MSYS2_PACKAGE_BYTES,mingw-w64-x86_64-libwebp,1.6.0-1,360b1690d41eb497dfe50526460a2424600a6a806cbb76c5b0fec9f14623ac59,spdx:BSD-3-Clause,PACKAGE_TEXT_HASH_VERIFIED,mingw64/share/licenses/libwebp/COPYING,5aec868f669e384a22372a4e8a1a6cd7d44c64cd451f960ca69cc170d1e13acf,c6c21a10f8cfe13270832e64640b82709e1d87b956b5f15af435a6c25acd6bbf,NO
libwebpmux-3.dll,2c8a2e9d7901ec65330f31f9989c2a07ef0506e903b485fcd8b241a6bab9b88f,MSYS2_PACKAGE_BYTES,mingw-w64-x86_64-libwebp,1.6.0-1,360b1690d41eb497dfe50526460a2424600a6a806cbb76c5b0fec9f14623ac59,spdx:BSD-3-Clause,PACKAGE_TEXT_HASH_VERIFIED,mingw64/share/licenses/libwebp/COPYING,5aec868f669e384a22372a4e8a1a6cd7d44c64cd451f960ca69cc170d1e13acf,2c8a2e9d7901ec65330f31f9989c2a07ef0506e903b485fcd8b241a6bab9b88f,NO
libwinpthread-1.dll,6a661d5846d80a91394dbb9b2dab87ba3cc705eac80ad45fe73677bff70cd6d2,MSYS2_PACKAGE_BYTES,mingw-w64-x86_64-libwinpthread,14.0.0.r220.gd999af622-1,16bf944184656c6976b3c8b9ca872da49560d8b7cced36a63fe6638c6e63ae45,spdx:MIT AND BSD-3-Clause-Clear,PACKAGE_TEXT_HASH_VERIFIED,mingw64/share/licenses/libwinpthread/COPYING,63263614cdd29f2f93cba85e992f041b31f9fc7b4033692f31269489a8a1b177,6a661d5846d80a91394dbb9b2dab87ba3cc705eac80ad45fe73677bff70cd6d2,NO
libzstd.dll,b95c223a9548a9ecf51377c962e0bc8f0c51eb0c6f67a296dbc885996f0dd40d,MSYS2_PACKAGE_BYTES,mingw-w64-x86_64-zstd,1.5.7-2,1add6705b344664f6aca108c85f79ab5bdd9e1162662bb06a4cf40a34f6e0907,spdx:BSD-3-Clause OR GPL-2.0-or-later,PACKAGE_TEXT_HASH_VERIFIED,mingw64/share/licenses/zstd/LICENSE,7055266497633c9025b777c78eb7235af13922117480ed5c674677adc381c9d8,b95c223a9548a9ecf51377c962e0bc8f0c51eb0c6f67a296dbc885996f0dd40d,NO
tesseract.exe,1b6fe79846732c10dfca15ed2110d597e04fa060da93ce64fcf76b9ae5e7f606,MSYS2_PACKAGE_BYTES,mingw-w64-x86_64-tesseract-ocr,5.5.3-1,67c0a857e9f028f88d1463c0293885d806334346a81d70be5e38f08bad11e1e3,spdx:Apache-2.0,PACKAGE_TEXT_HASH_VERIFIED,mingw64/share/licenses/tesseract-ocr/LICENSE,cfc7749b96f63bd31c3c42b5c471bf756814053e847c10f3eb003417bc523d30,1b6fe79846732c10dfca15ed2110d597e04fa060da93ce64fcf76b9ae5e7f606,NO
zlib1.dll,93e9243a44c29200eeacaf9658efe2558581770e4b11ca4b500e18e424a6e3b5,MSYS2_PACKAGE_BYTES,mingw-w64-x86_64-zlib,1.3.2-2,9e75842a070ba648e986e12424e1c92c9d7d77200e85f6a34eeb600819f2e694,spdx:Zlib,PACKAGE_TEXT_HASH_VERIFIED,mingw64/share/licenses/zlib/LICENSE,e32ff4e00d9d94930537635291da39e7e612703334bf6fde8c7f1686fe8a45a2,93e9243a44c29200eeacaf9658efe2558581770e4b11ca4b500e18e424a6e3b5,NO
