bom_ref,name,version,purl,sbom_license,review_status
93f2ec05064a672c,Caddy,2.11.4,,UNDECLARED_IN_SBOM,REVIEW_REQUIRED
dcde45de49d6a550,/home/runner/work/caddy/caddy/dist/caddy_windows_amd64_v1/caddy.exe,,,UNDECLARED_IN_SBOM,REVIEW_REQUIRED
pkg:golang/caddy@v0.0.0-20260601193502-e2eee6a7fce3?package-id=46b334d7a32cacc7,caddy,v0.0.0-20260601193502-e2eee6a7fce3,pkg:golang/caddy@v0.0.0-20260601193502-e2eee6a7fce3,UNDECLARED_IN_SBOM,REVIEW_REQUIRED
pkg:golang/cel.dev/expr@v0.25.1?package-id=b81c846fa3425bf5,cel.dev/expr,v0.25.1,pkg:golang/cel.dev/expr@v0.25.1,UNDECLARED_IN_SBOM,REVIEW_REQUIRED
pkg:golang/cloud.google.com/go/auth/oauth2adapt@v0.2.8?package-id=d52e3b277cd081d7,cloud.google.com/go/auth/oauth2adapt,v0.2.8,pkg:golang/cloud.google.com/go/auth/oauth2adapt@v0.2.8,UNDECLARED_IN_SBOM,REVIEW_REQUIRED
pkg:golang/cloud.google.com/go/auth@v0.20.0?package-id=f69ec4cc782f6bbc,cloud.google.com/go/auth,v0.20.0,pkg:golang/cloud.google.com/go/auth@v0.20.0,UNDECLARED_IN_SBOM,REVIEW_REQUIRED
pkg:golang/cloud.google.com/go/compute/metadata@v0.9.0?package-id=449553a755a44e98,cloud.google.com/go/compute/metadata,v0.9.0,pkg:golang/cloud.google.com/go/compute/metadata@v0.9.0,UNDECLARED_IN_SBOM,REVIEW_REQUIRED
pkg:golang/dario.cat/mergo@v1.0.2?package-id=debf93eca50f71db,dario.cat/mergo,v1.0.2,pkg:golang/dario.cat/mergo@v1.0.2,UNDECLARED_IN_SBOM,REVIEW_REQUIRED
pkg:golang/filippo.io/bigmod@v0.1.0?package-id=a78699f6474a9fc3,filippo.io/bigmod,v0.1.0,pkg:golang/filippo.io/bigmod@v0.1.0,UNDECLARED_IN_SBOM,REVIEW_REQUIRED
pkg:golang/filippo.io/edwards25519@v1.2.0?package-id=bff675b1b1315eea,filippo.io/edwards25519,v1.2.0,pkg:golang/filippo.io/edwards25519@v1.2.0,UNDECLARED_IN_SBOM,REVIEW_REQUIRED
pkg:golang/github.com/alecthomas/chroma/v2@v2.24.1?package-id=d29440d791532219,github.com/alecthomas/chroma/v2,v2.24.1,pkg:golang/github.com/alecthomas/chroma/v2@v2.24.1,UNDECLARED_IN_SBOM,REVIEW_REQUIRED
pkg:golang/github.com/antlr4-go/antlr/v4@v4.13.1?package-id=fbe1d34ede0aa355,github.com/antlr4-go/antlr/v4,v4.13.1,pkg:golang/github.com/antlr4-go/antlr/v4@v4.13.1,UNDECLARED_IN_SBOM,REVIEW_REQUIRED
pkg:golang/github.com/aryann/difflib@v0.0.0-20210328193216-ff5ff6dc229b?package-id=49893be3f017cf1d,github.com/aryann/difflib,v0.0.0-20210328193216-ff5ff6dc229b,pkg:golang/github.com/aryann/difflib@v0.0.0-20210328193216-ff5ff6dc229b,UNDECLARED_IN_SBOM,REVIEW_REQUIRED
pkg:golang/github.com/beorn7/perks@v1.0.1?package-id=374815003e8e4f83,github.com/beorn7/perks,v1.0.1,pkg:golang/github.com/beorn7/perks@v1.0.1,UNDECLARED_IN_SBOM,REVIEW_REQUIRED
pkg:golang/github.com/burntsushi/toml@v1.6.0?package-id=15def639e7e43bdb,github.com/BurntSushi/toml,v1.6.0,pkg:golang/github.com/BurntSushi/toml@v1.6.0,UNDECLARED_IN_SBOM,REVIEW_REQUIRED
pkg:golang/github.com/caddyserver/caddy/v2@v2.11.4?package-id=60e83460da316b6f,github.com/caddyserver/caddy/v2,v2.11.4,pkg:golang/github.com/caddyserver/caddy/v2@v2.11.4,UNDECLARED_IN_SBOM,REVIEW_REQUIRED
pkg:golang/github.com/caddyserver/certmagic@v0.25.3?package-id=17e35b51b9b34726,github.com/caddyserver/certmagic,v0.25.3,pkg:golang/github.com/caddyserver/certmagic@v0.25.3,UNDECLARED_IN_SBOM,REVIEW_REQUIRED
pkg:golang/github.com/caddyserver/zerossl@v0.1.5?package-id=dce48a5b2bec95d2,github.com/caddyserver/zerossl,v0.1.5,pkg:golang/github.com/caddyserver/zerossl@v0.1.5,UNDECLARED_IN_SBOM,REVIEW_REQUIRED
pkg:golang/github.com/ccoveille/go-safecast/v2@v2.0.0?package-id=8b96f01e24da3ec8,github.com/ccoveille/go-safecast/v2,v2.0.0,pkg:golang/github.com/ccoveille/go-safecast/v2@v2.0.0,UNDECLARED_IN_SBOM,REVIEW_REQUIRED
pkg:golang/github.com/cenkalti/backoff/v5@v5.0.3?package-id=12bdd05f5951978c,github.com/cenkalti/backoff/v5,v5.0.3,pkg:golang/github.com/cenkalti/backoff/v5@v5.0.3,UNDECLARED_IN_SBOM,REVIEW_REQUIRED
pkg:golang/github.com/cespare/xxhash/v2@v2.3.0?package-id=f4c2e01237b229e8,github.com/cespare/xxhash/v2,v2.3.0,pkg:golang/github.com/cespare/xxhash/v2@v2.3.0,UNDECLARED_IN_SBOM,REVIEW_REQUIRED
pkg:golang/github.com/chzyer/readline@v1.5.1?package-id=9021e91d005d6ee7,github.com/chzyer/readline,v1.5.1,pkg:golang/github.com/chzyer/readline@v1.5.1,UNDECLARED_IN_SBOM,REVIEW_REQUIRED
pkg:golang/github.com/cloudflare/circl@v1.6.3?package-id=46cfb4afa43a444b,github.com/cloudflare/circl,v1.6.3,pkg:golang/github.com/cloudflare/circl@v1.6.3,UNDECLARED_IN_SBOM,REVIEW_REQUIRED
pkg:golang/github.com/coreos/go-oidc/v3@v3.17.0?package-id=78b90ed2e4b53338,github.com/coreos/go-oidc/v3,v3.17.0,pkg:golang/github.com/coreos/go-oidc/v3@v3.17.0,UNDECLARED_IN_SBOM,REVIEW_REQUIRED
pkg:golang/github.com/cpuguy83/go-md2man/v2@v2.0.7?package-id=cce314f0a6e0c4b7,github.com/cpuguy83/go-md2man/v2,v2.0.7,pkg:golang/github.com/cpuguy83/go-md2man/v2@v2.0.7,UNDECLARED_IN_SBOM,REVIEW_REQUIRED
pkg:golang/github.com/deruina/timberjack@v1.4.2?package-id=1db29b6ebc56113d,github.com/DeRuina/timberjack,v1.4.2,pkg:golang/github.com/DeRuina/timberjack@v1.4.2,UNDECLARED_IN_SBOM,REVIEW_REQUIRED
pkg:golang/github.com/dlclark/regexp2@v1.12.0?package-id=c1d5101a2dedcf20,github.com/dlclark/regexp2,v1.12.0,pkg:golang/github.com/dlclark/regexp2@v1.12.0,UNDECLARED_IN_SBOM,REVIEW_REQUIRED
pkg:golang/github.com/dustin/go-humanize@v1.0.1?package-id=8109fa7d3fa2b682,github.com/dustin/go-humanize,v1.0.1,pkg:golang/github.com/dustin/go-humanize@v1.0.1,UNDECLARED_IN_SBOM,REVIEW_REQUIRED
pkg:golang/github.com/felixge/httpsnoop@v1.0.4?package-id=4be54aa3a61f523e,github.com/felixge/httpsnoop,v1.0.4,pkg:golang/github.com/felixge/httpsnoop@v1.0.4,UNDECLARED_IN_SBOM,REVIEW_REQUIRED
pkg:golang/github.com/fxamacker/cbor/v2@v2.9.0?package-id=2df55015e3a77b3a,github.com/fxamacker/cbor/v2,v2.9.0,pkg:golang/github.com/fxamacker/cbor/v2@v2.9.0,UNDECLARED_IN_SBOM,REVIEW_REQUIRED
pkg:golang/github.com/go-chi/chi/v5@v5.2.5?package-id=8695049a4085e085,github.com/go-chi/chi/v5,v5.2.5,pkg:golang/github.com/go-chi/chi/v5@v5.2.5,UNDECLARED_IN_SBOM,REVIEW_REQUIRED
pkg:golang/github.com/go-jose/go-jose/v3@v3.0.5?package-id=ed04d6dd51c3ee36,github.com/go-jose/go-jose/v3,v3.0.5,pkg:golang/github.com/go-jose/go-jose/v3@v3.0.5,UNDECLARED_IN_SBOM,REVIEW_REQUIRED
pkg:golang/github.com/go-jose/go-jose/v4@v4.1.4?package-id=ceaa35cc2d958616,github.com/go-jose/go-jose/v4,v4.1.4,pkg:golang/github.com/go-jose/go-jose/v4@v4.1.4,UNDECLARED_IN_SBOM,REVIEW_REQUIRED
pkg:golang/github.com/go-logr/logr@v1.4.3?package-id=47c60b5859849ada,github.com/go-logr/logr,v1.4.3,pkg:golang/github.com/go-logr/logr@v1.4.3,UNDECLARED_IN_SBOM,REVIEW_REQUIRED
pkg:golang/github.com/go-logr/stdr@v1.2.2?package-id=84d6be4f5c75efda,github.com/go-logr/stdr,v1.2.2,pkg:golang/github.com/go-logr/stdr@v1.2.2,UNDECLARED_IN_SBOM,REVIEW_REQUIRED
pkg:golang/github.com/google/cel-go@v0.28.1?package-id=9c2bdf1fab9cf86a,github.com/google/cel-go,v0.28.1,pkg:golang/github.com/google/cel-go@v0.28.1,UNDECLARED_IN_SBOM,REVIEW_REQUIRED
pkg:golang/github.com/google/certificate-transparency-go@v1.1.8-0.20240110162603-74a5dd331745?package-id=bd467ca0162c04a2,github.com/google/certificate-transparency-go,v1.1.8-0.20240110162603-74a5dd331745,pkg:golang/github.com/google/certificate-transparency-go@v1.1.8-0.20240110162603-74a5dd331745,UNDECLARED_IN_SBOM,REVIEW_REQUIRED
pkg:golang/github.com/google/go-tpm@v0.9.8?package-id=28f645bab792c83a,github.com/google/go-tpm,v0.9.8,pkg:golang/github.com/google/go-tpm@v0.9.8,UNDECLARED_IN_SBOM,REVIEW_REQUIRED
pkg:golang/github.com/google/go-tspi@v0.3.0?package-id=515ee461175f0b0b,github.com/google/go-tspi,v0.3.0,pkg:golang/github.com/google/go-tspi@v0.3.0,UNDECLARED_IN_SBOM,REVIEW_REQUIRED
pkg:golang/github.com/google/s2a-go@v0.1.9?package-id=63fe56ccfe7f147d,github.com/google/s2a-go,v0.1.9,pkg:golang/github.com/google/s2a-go@v0.1.9,UNDECLARED_IN_SBOM,REVIEW_REQUIRED
pkg:golang/github.com/google/uuid@v1.6.0?package-id=c71a35899e68f44b,github.com/google/uuid,v1.6.0,pkg:golang/github.com/google/uuid@v1.6.0,UNDECLARED_IN_SBOM,REVIEW_REQUIRED
pkg:golang/github.com/googleapis/enterprise-certificate-proxy@v0.3.15?package-id=ccfdd44fd00d40ed,github.com/googleapis/enterprise-certificate-proxy,v0.3.15,pkg:golang/github.com/googleapis/enterprise-certificate-proxy@v0.3.15,UNDECLARED_IN_SBOM,REVIEW_REQUIRED
pkg:golang/github.com/googleapis/gax-go/v2@v2.22.0?package-id=337ed5785fadf92c,github.com/googleapis/gax-go/v2,v2.22.0,pkg:golang/github.com/googleapis/gax-go/v2@v2.22.0,UNDECLARED_IN_SBOM,REVIEW_REQUIRED
pkg:golang/github.com/grpc-ecosystem/grpc-gateway/v2@v2.28.0?package-id=31c0fc62cb4d3d20,github.com/grpc-ecosystem/grpc-gateway/v2,v2.28.0,pkg:golang/github.com/grpc-ecosystem/grpc-gateway/v2@v2.28.0,UNDECLARED_IN_SBOM,REVIEW_REQUIRED
pkg:golang/github.com/huandu/xstrings@v1.5.0?package-id=887e7679282a52b4,github.com/huandu/xstrings,v1.5.0,pkg:golang/github.com/huandu/xstrings@v1.5.0,UNDECLARED_IN_SBOM,REVIEW_REQUIRED
pkg:golang/github.com/inconshreveable/mousetrap@v1.1.0?package-id=bdf6adcc4a25e2bb,github.com/inconshreveable/mousetrap,v1.1.0,pkg:golang/github.com/inconshreveable/mousetrap@v1.1.0,UNDECLARED_IN_SBOM,REVIEW_REQUIRED
pkg:golang/github.com/kimmachinegun/automemlimit@v0.7.5?package-id=63d27d95db2d8575,github.com/KimMachineGun/automemlimit,v0.7.5,pkg:golang/github.com/KimMachineGun/automemlimit@v0.7.5,UNDECLARED_IN_SBOM,REVIEW_REQUIRED
pkg:golang/github.com/klauspost/compress@v1.18.6?package-id=ca4315e344b53844,github.com/klauspost/compress,v1.18.6,pkg:golang/github.com/klauspost/compress@v1.18.6,UNDECLARED_IN_SBOM,REVIEW_REQUIRED
pkg:golang/github.com/klauspost/cpuid/v2@v2.3.0?package-id=f2f8ca7533eeff2f,github.com/klauspost/cpuid/v2,v2.3.0,pkg:golang/github.com/klauspost/cpuid/v2@v2.3.0,UNDECLARED_IN_SBOM,REVIEW_REQUIRED
pkg:golang/github.com/libdns/libdns@v1.1.1?package-id=9a3baf802581b4fe,github.com/libdns/libdns,v1.1.1,pkg:golang/github.com/libdns/libdns@v1.1.1,UNDECLARED_IN_SBOM,REVIEW_REQUIRED
pkg:golang/github.com/manifoldco/promptui@v0.9.0?package-id=b2fcf160ccf9d937,github.com/manifoldco/promptui,v0.9.0,pkg:golang/github.com/manifoldco/promptui@v0.9.0,UNDECLARED_IN_SBOM,REVIEW_REQUIRED
pkg:golang/github.com/masterminds/goutils@v1.1.1?package-id=bba17995678d99d1,github.com/Masterminds/goutils,v1.1.1,pkg:golang/github.com/Masterminds/goutils@v1.1.1,UNDECLARED_IN_SBOM,REVIEW_REQUIRED
pkg:golang/github.com/masterminds/semver/v3@v3.4.0?package-id=783f86ec69342517,github.com/Masterminds/semver/v3,v3.4.0,pkg:golang/github.com/Masterminds/semver/v3@v3.4.0,UNDECLARED_IN_SBOM,REVIEW_REQUIRED
pkg:golang/github.com/masterminds/sprig/v3@v3.3.0?package-id=57c90a4ac3946ab8,github.com/Masterminds/sprig/v3,v3.3.0,pkg:golang/github.com/Masterminds/sprig/v3@v3.3.0,UNDECLARED_IN_SBOM,REVIEW_REQUIRED
pkg:golang/github.com/mattn/go-colorable@v0.1.14?package-id=696acc8d8492976e,github.com/mattn/go-colorable,v0.1.14,pkg:golang/github.com/mattn/go-colorable@v0.1.14,UNDECLARED_IN_SBOM,REVIEW_REQUIRED
pkg:golang/github.com/mattn/go-isatty@v0.0.20?package-id=12da9e6787097dff,github.com/mattn/go-isatty,v0.0.20,pkg:golang/github.com/mattn/go-isatty@v0.0.20,UNDECLARED_IN_SBOM,REVIEW_REQUIRED
pkg:golang/github.com/mgutz/ansi@v0.0.0-20200706080929-d51e80ef957d?package-id=79d69eb98b262e09,github.com/mgutz/ansi,v0.0.0-20200706080929-d51e80ef957d,pkg:golang/github.com/mgutz/ansi@v0.0.0-20200706080929-d51e80ef957d,UNDECLARED_IN_SBOM,REVIEW_REQUIRED
pkg:golang/github.com/mholt/acmez/v3@v3.1.6?package-id=cc5fc1f27a84da86,github.com/mholt/acmez/v3,v3.1.6,pkg:golang/github.com/mholt/acmez/v3@v3.1.6,UNDECLARED_IN_SBOM,REVIEW_REQUIRED
pkg:golang/github.com/miekg/dns@v1.1.72?package-id=f98866303966feef,github.com/miekg/dns,v1.1.72,pkg:golang/github.com/miekg/dns@v1.1.72,UNDECLARED_IN_SBOM,REVIEW_REQUIRED
pkg:golang/github.com/mitchellh/copystructure@v1.2.0?package-id=d6aeb2e503b14dac,github.com/mitchellh/copystructure,v1.2.0,pkg:golang/github.com/mitchellh/copystructure@v1.2.0,UNDECLARED_IN_SBOM,REVIEW_REQUIRED
pkg:golang/github.com/mitchellh/go-ps@v1.0.0?package-id=1b8da47d646688cf,github.com/mitchellh/go-ps,v1.0.0,pkg:golang/github.com/mitchellh/go-ps@v1.0.0,UNDECLARED_IN_SBOM,REVIEW_REQUIRED
pkg:golang/github.com/mitchellh/reflectwalk@v1.0.2?package-id=51b96cf34dd9f435,github.com/mitchellh/reflectwalk,v1.0.2,pkg:golang/github.com/mitchellh/reflectwalk@v1.0.2,UNDECLARED_IN_SBOM,REVIEW_REQUIRED
pkg:golang/github.com/munnerz/goautoneg@v0.0.0-20191010083416-a7dc8b61c822?package-id=9b943a34aaa007a6,github.com/munnerz/goautoneg,v0.0.0-20191010083416-a7dc8b61c822,pkg:golang/github.com/munnerz/goautoneg@v0.0.0-20191010083416-a7dc8b61c822,UNDECLARED_IN_SBOM,REVIEW_REQUIRED
pkg:golang/github.com/pbnjay/memory@v0.0.0-20210728143218-7b4eea64cf58?package-id=f296875af185f3eb,github.com/pbnjay/memory,v0.0.0-20210728143218-7b4eea64cf58,pkg:golang/github.com/pbnjay/memory@v0.0.0-20210728143218-7b4eea64cf58,UNDECLARED_IN_SBOM,REVIEW_REQUIRED
pkg:golang/github.com/pires/go-proxyproto@v0.12.0?package-id=7dae62d4c4909ffa,github.com/pires/go-proxyproto,v0.12.0,pkg:golang/github.com/pires/go-proxyproto@v0.12.0,UNDECLARED_IN_SBOM,REVIEW_REQUIRED
pkg:golang/github.com/pkg/errors@v0.9.1?package-id=b2c4cfea31889db9,github.com/pkg/errors,v0.9.1,pkg:golang/github.com/pkg/errors@v0.9.1,UNDECLARED_IN_SBOM,REVIEW_REQUIRED
pkg:golang/github.com/prometheus/client_golang@v1.23.2?package-id=6d16c4f744c20c76,github.com/prometheus/client_golang,v1.23.2,pkg:golang/github.com/prometheus/client_golang@v1.23.2,UNDECLARED_IN_SBOM,REVIEW_REQUIRED
pkg:golang/github.com/prometheus/client_model@v0.6.2?package-id=632fa23223df21c4,github.com/prometheus/client_model,v0.6.2,pkg:golang/github.com/prometheus/client_model@v0.6.2,UNDECLARED_IN_SBOM,REVIEW_REQUIRED
pkg:golang/github.com/prometheus/common@v0.67.5?package-id=db9937ef5361c001,github.com/prometheus/common,v0.67.5,pkg:golang/github.com/prometheus/common@v0.67.5,UNDECLARED_IN_SBOM,REVIEW_REQUIRED
pkg:golang/github.com/prometheus/otlptranslator@v1.0.0?package-id=c43a9b6164b72cc1,github.com/prometheus/otlptranslator,v1.0.0,pkg:golang/github.com/prometheus/otlptranslator@v1.0.0,UNDECLARED_IN_SBOM,REVIEW_REQUIRED
pkg:golang/github.com/quic-go/qpack@v0.6.0?package-id=514bd4bcd12ccb6b,github.com/quic-go/qpack,v0.6.0,pkg:golang/github.com/quic-go/qpack@v0.6.0,UNDECLARED_IN_SBOM,REVIEW_REQUIRED
pkg:golang/github.com/quic-go/quic-go@v0.59.1?package-id=43c4937d7e4ac384,github.com/quic-go/quic-go,v0.59.1,pkg:golang/github.com/quic-go/quic-go@v0.59.1,UNDECLARED_IN_SBOM,REVIEW_REQUIRED
pkg:golang/github.com/rs/xid@v1.6.0?package-id=5d90c84ea8552199,github.com/rs/xid,v1.6.0,pkg:golang/github.com/rs/xid@v1.6.0,UNDECLARED_IN_SBOM,REVIEW_REQUIRED
pkg:golang/github.com/russross/blackfriday/v2@v2.1.0?package-id=f0241a919b4f26ae,github.com/russross/blackfriday/v2,v2.1.0,pkg:golang/github.com/russross/blackfriday/v2@v2.1.0,UNDECLARED_IN_SBOM,REVIEW_REQUIRED
pkg:golang/github.com/shopspring/decimal@v1.4.0?package-id=04d601d3fb60bc4d,github.com/shopspring/decimal,v1.4.0,pkg:golang/github.com/shopspring/decimal@v1.4.0,UNDECLARED_IN_SBOM,REVIEW_REQUIRED
pkg:golang/github.com/shurcool/sanitized_anchor_name@v1.0.0?package-id=ebf55d9a6795df9c,github.com/shurcooL/sanitized_anchor_name,v1.0.0,pkg:golang/github.com/shurcooL/sanitized_anchor_name@v1.0.0,UNDECLARED_IN_SBOM,REVIEW_REQUIRED
pkg:golang/github.com/sirupsen/logrus@v1.9.4?package-id=bdf8b14f7716dd5e,github.com/sirupsen/logrus,v1.9.4,pkg:golang/github.com/sirupsen/logrus@v1.9.4,UNDECLARED_IN_SBOM,REVIEW_REQUIRED
pkg:golang/github.com/slackhq/nebula@v1.10.3?package-id=b84f1f30dc79df6c,github.com/slackhq/nebula,v1.10.3,pkg:golang/github.com/slackhq/nebula@v1.10.3,UNDECLARED_IN_SBOM,REVIEW_REQUIRED
pkg:golang/github.com/smallstep/certificates@v0.30.2?package-id=36237a17e2f2accc,github.com/smallstep/certificates,v0.30.2,pkg:golang/github.com/smallstep/certificates@v0.30.2,UNDECLARED_IN_SBOM,REVIEW_REQUIRED
pkg:golang/github.com/smallstep/cli-utils@v0.12.2?package-id=ca7b4b9bb84d965d,github.com/smallstep/cli-utils,v0.12.2,pkg:golang/github.com/smallstep/cli-utils@v0.12.2,UNDECLARED_IN_SBOM,REVIEW_REQUIRED
pkg:golang/github.com/smallstep/go-attestation@v0.4.4-0.20241119153605-2306d5b464ca?package-id=9e730d4bc71d5e1e,github.com/smallstep/go-attestation,v0.4.4-0.20241119153605-2306d5b464ca,pkg:golang/github.com/smallstep/go-attestation@v0.4.4-0.20241119153605-2306d5b464ca,UNDECLARED_IN_SBOM,REVIEW_REQUIRED
pkg:golang/github.com/smallstep/linkedca@v0.25.0?package-id=db7a6dd8f038b3b9,github.com/smallstep/linkedca,v0.25.0,pkg:golang/github.com/smallstep/linkedca@v0.25.0,UNDECLARED_IN_SBOM,REVIEW_REQUIRED
pkg:golang/github.com/smallstep/nosql@v0.8.0?package-id=0075cd307c554a2c,github.com/smallstep/nosql,v0.8.0,pkg:golang/github.com/smallstep/nosql@v0.8.0,UNDECLARED_IN_SBOM,REVIEW_REQUIRED
pkg:golang/github.com/smallstep/pkcs7@v0.2.1?package-id=3e6a7580314a0d4a,github.com/smallstep/pkcs7,v0.2.1,pkg:golang/github.com/smallstep/pkcs7@v0.2.1,UNDECLARED_IN_SBOM,REVIEW_REQUIRED
pkg:golang/github.com/smallstep/scep@v0.0.0-20250318231241-a25cabb69492?package-id=f7ca345d56a2655b,github.com/smallstep/scep,v0.0.0-20250318231241-a25cabb69492,pkg:golang/github.com/smallstep/scep@v0.0.0-20250318231241-a25cabb69492,UNDECLARED_IN_SBOM,REVIEW_REQUIRED
pkg:golang/github.com/smallstep/truststore@v0.13.0?package-id=d1e3d49b92bb12f6,github.com/smallstep/truststore,v0.13.0,pkg:golang/github.com/smallstep/truststore@v0.13.0,UNDECLARED_IN_SBOM,REVIEW_REQUIRED
pkg:golang/github.com/spf13/cast@v1.7.0?package-id=40c21582a1751e59,github.com/spf13/cast,v1.7.0,pkg:golang/github.com/spf13/cast@v1.7.0,UNDECLARED_IN_SBOM,REVIEW_REQUIRED
pkg:golang/github.com/spf13/cobra@v1.10.2?package-id=09fcb3901fd28d0d,github.com/spf13/cobra,v1.10.2,pkg:golang/github.com/spf13/cobra@v1.10.2,UNDECLARED_IN_SBOM,REVIEW_REQUIRED
pkg:golang/github.com/spf13/pflag@v1.0.10?package-id=68ae50a0e6c53a8c,github.com/spf13/pflag,v1.0.10,pkg:golang/github.com/spf13/pflag@v1.0.10,UNDECLARED_IN_SBOM,REVIEW_REQUIRED
pkg:golang/github.com/tailscale/go-winio@v0.0.0-20231025203758-c4f33415bf55?package-id=055c1d04d6766d07,github.com/tailscale/go-winio,v0.0.0-20231025203758-c4f33415bf55,pkg:golang/github.com/tailscale/go-winio@v0.0.0-20231025203758-c4f33415bf55,UNDECLARED_IN_SBOM,REVIEW_REQUIRED
pkg:golang/github.com/tailscale/tscert@v0.0.0-20251216020129-aea342f6d747?package-id=9a0bbf9ea13a43be,github.com/tailscale/tscert,v0.0.0-20251216020129-aea342f6d747,pkg:golang/github.com/tailscale/tscert@v0.0.0-20251216020129-aea342f6d747,UNDECLARED_IN_SBOM,REVIEW_REQUIRED
pkg:golang/github.com/urfave/cli@v1.22.17?package-id=ca234c94412fcc12,github.com/urfave/cli,v1.22.17,pkg:golang/github.com/urfave/cli@v1.22.17,UNDECLARED_IN_SBOM,REVIEW_REQUIRED
pkg:golang/github.com/x448/float16@v0.8.4?package-id=5186a3567ec5ffaf,github.com/x448/float16,v0.8.4,pkg:golang/github.com/x448/float16@v0.8.4,UNDECLARED_IN_SBOM,REVIEW_REQUIRED
pkg:golang/github.com/yuin/goldmark-highlighting/v2@v2.0.0-20230729083705-37449abec8cc?package-id=9892dac15a17d80e,github.com/yuin/goldmark-highlighting/v2,v2.0.0-20230729083705-37449abec8cc,pkg:golang/github.com/yuin/goldmark-highlighting/v2@v2.0.0-20230729083705-37449abec8cc,UNDECLARED_IN_SBOM,REVIEW_REQUIRED
pkg:golang/github.com/yuin/goldmark@v1.8.2?package-id=0660dce8073914c4,github.com/yuin/goldmark,v1.8.2,pkg:golang/github.com/yuin/goldmark@v1.8.2,UNDECLARED_IN_SBOM,REVIEW_REQUIRED
pkg:golang/github.com/zeebo/blake3@v0.2.4?package-id=4cd966dba8531d93,github.com/zeebo/blake3,v0.2.4,pkg:golang/github.com/zeebo/blake3@v0.2.4,UNDECLARED_IN_SBOM,REVIEW_REQUIRED
pkg:golang/go.etcd.io/bbolt@v1.4.3?package-id=d9b6d80b0e6c50c8,go.etcd.io/bbolt,v1.4.3,pkg:golang/go.etcd.io/bbolt@v1.4.3,UNDECLARED_IN_SBOM,REVIEW_REQUIRED
pkg:golang/go.opentelemetry.io/auto/sdk@v1.2.1?package-id=b2782babe9bf7900,go.opentelemetry.io/auto/sdk,v1.2.1,pkg:golang/go.opentelemetry.io/auto/sdk@v1.2.1,UNDECLARED_IN_SBOM,REVIEW_REQUIRED
pkg:golang/go.opentelemetry.io/contrib/bridges/prometheus@v0.68.0?package-id=69d64a755d409de7,go.opentelemetry.io/contrib/bridges/prometheus,v0.68.0,pkg:golang/go.opentelemetry.io/contrib/bridges/prometheus@v0.68.0,UNDECLARED_IN_SBOM,REVIEW_REQUIRED
pkg:golang/go.opentelemetry.io/contrib/exporters/autoexport@v0.68.0?package-id=021535211305935f,go.opentelemetry.io/contrib/exporters/autoexport,v0.68.0,pkg:golang/go.opentelemetry.io/contrib/exporters/autoexport@v0.68.0,UNDECLARED_IN_SBOM,REVIEW_REQUIRED
pkg:golang/go.opentelemetry.io/contrib/instrumentation/net/http/otelhttp@v0.68.0?package-id=00769a608f6919f1,go.opentelemetry.io/contrib/instrumentation/net/http/otelhttp,v0.68.0,pkg:golang/go.opentelemetry.io/contrib/instrumentation/net/http/otelhttp@v0.68.0,UNDECLARED_IN_SBOM,REVIEW_REQUIRED
pkg:golang/go.opentelemetry.io/contrib/propagators/autoprop@v0.68.0?package-id=81c3aeb8c167cbe6,go.opentelemetry.io/contrib/propagators/autoprop,v0.68.0,pkg:golang/go.opentelemetry.io/contrib/propagators/autoprop@v0.68.0,UNDECLARED_IN_SBOM,REVIEW_REQUIRED
pkg:golang/go.opentelemetry.io/contrib/propagators/aws@v1.43.0?package-id=55bbc522007ab23c,go.opentelemetry.io/contrib/propagators/aws,v1.43.0,pkg:golang/go.opentelemetry.io/contrib/propagators/aws@v1.43.0,UNDECLARED_IN_SBOM,REVIEW_REQUIRED
pkg:golang/go.opentelemetry.io/contrib/propagators/b3@v1.43.0?package-id=81a1a8c46e707814,go.opentelemetry.io/contrib/propagators/b3,v1.43.0,pkg:golang/go.opentelemetry.io/contrib/propagators/b3@v1.43.0,UNDECLARED_IN_SBOM,REVIEW_REQUIRED
pkg:golang/go.opentelemetry.io/contrib/propagators/jaeger@v1.43.0?package-id=45397b5f40daad64,go.opentelemetry.io/contrib/propagators/jaeger,v1.43.0,pkg:golang/go.opentelemetry.io/contrib/propagators/jaeger@v1.43.0,UNDECLARED_IN_SBOM,REVIEW_REQUIRED
pkg:golang/go.opentelemetry.io/contrib/propagators/ot@v1.43.0?package-id=f0942c49968b4546,go.opentelemetry.io/contrib/propagators/ot,v1.43.0,pkg:golang/go.opentelemetry.io/contrib/propagators/ot@v1.43.0,UNDECLARED_IN_SBOM,REVIEW_REQUIRED
pkg:golang/go.opentelemetry.io/otel/exporters/otlp/otlplog/otlploggrpc@v0.19.0?package-id=c8ad8b2f11b81f2e,go.opentelemetry.io/otel/exporters/otlp/otlplog/otlploggrpc,v0.19.0,pkg:golang/go.opentelemetry.io/otel/exporters/otlp/otlplog/otlploggrpc@v0.19.0,UNDECLARED_IN_SBOM,REVIEW_REQUIRED
pkg:golang/go.opentelemetry.io/otel/exporters/otlp/otlplog/otlploghttp@v0.19.0?package-id=2aa8e97df3635f47,go.opentelemetry.io/otel/exporters/otlp/otlplog/otlploghttp,v0.19.0,pkg:golang/go.opentelemetry.io/otel/exporters/otlp/otlplog/otlploghttp@v0.19.0,UNDECLARED_IN_SBOM,REVIEW_REQUIRED
pkg:golang/go.opentelemetry.io/otel/exporters/otlp/otlpmetric/otlpmetricgrpc@v1.43.0?package-id=a78ef5feb7434520,go.opentelemetry.io/otel/exporters/otlp/otlpmetric/otlpmetricgrpc,v1.43.0,pkg:golang/go.opentelemetry.io/otel/exporters/otlp/otlpmetric/otlpmetricgrpc@v1.43.0,UNDECLARED_IN_SBOM,REVIEW_REQUIRED
pkg:golang/go.opentelemetry.io/otel/exporters/otlp/otlpmetric/otlpmetrichttp@v1.43.0?package-id=af76e32eb4936ffd,go.opentelemetry.io/otel/exporters/otlp/otlpmetric/otlpmetrichttp,v1.43.0,pkg:golang/go.opentelemetry.io/otel/exporters/otlp/otlpmetric/otlpmetrichttp@v1.43.0,UNDECLARED_IN_SBOM,REVIEW_REQUIRED
pkg:golang/go.opentelemetry.io/otel/exporters/otlp/otlptrace/otlptracegrpc@v1.43.0?package-id=2b07ae400731491c,go.opentelemetry.io/otel/exporters/otlp/otlptrace/otlptracegrpc,v1.43.0,pkg:golang/go.opentelemetry.io/otel/exporters/otlp/otlptrace/otlptracegrpc@v1.43.0,UNDECLARED_IN_SBOM,REVIEW_REQUIRED
pkg:golang/go.opentelemetry.io/otel/exporters/otlp/otlptrace/otlptracehttp@v1.43.0?package-id=90d63184aff0374b,go.opentelemetry.io/otel/exporters/otlp/otlptrace/otlptracehttp,v1.43.0,pkg:golang/go.opentelemetry.io/otel/exporters/otlp/otlptrace/otlptracehttp@v1.43.0,UNDECLARED_IN_SBOM,REVIEW_REQUIRED
pkg:golang/go.opentelemetry.io/otel/exporters/otlp/otlptrace@v1.43.0?package-id=e7bb18c9bb783a8b,go.opentelemetry.io/otel/exporters/otlp/otlptrace,v1.43.0,pkg:golang/go.opentelemetry.io/otel/exporters/otlp/otlptrace@v1.43.0,UNDECLARED_IN_SBOM,REVIEW_REQUIRED
pkg:golang/go.opentelemetry.io/otel/exporters/prometheus@v0.65.0?package-id=8471694217b4aef7,go.opentelemetry.io/otel/exporters/prometheus,v0.65.0,pkg:golang/go.opentelemetry.io/otel/exporters/prometheus@v0.65.0,UNDECLARED_IN_SBOM,REVIEW_REQUIRED
pkg:golang/go.opentelemetry.io/otel/exporters/stdout/stdoutlog@v0.19.0?package-id=39a51fff7acc0a61,go.opentelemetry.io/otel/exporters/stdout/stdoutlog,v0.19.0,pkg:golang/go.opentelemetry.io/otel/exporters/stdout/stdoutlog@v0.19.0,UNDECLARED_IN_SBOM,REVIEW_REQUIRED
pkg:golang/go.opentelemetry.io/otel/exporters/stdout/stdoutmetric@v1.43.0?package-id=c4d5af83b20adb19,go.opentelemetry.io/otel/exporters/stdout/stdoutmetric,v1.43.0,pkg:golang/go.opentelemetry.io/otel/exporters/stdout/stdoutmetric@v1.43.0,UNDECLARED_IN_SBOM,REVIEW_REQUIRED
pkg:golang/go.opentelemetry.io/otel/exporters/stdout/stdouttrace@v1.43.0?package-id=cbea4422f820429a,go.opentelemetry.io/otel/exporters/stdout/stdouttrace,v1.43.0,pkg:golang/go.opentelemetry.io/otel/exporters/stdout/stdouttrace@v1.43.0,UNDECLARED_IN_SBOM,REVIEW_REQUIRED
pkg:golang/go.opentelemetry.io/otel/log@v0.19.0?package-id=6b3e1e43cab9730e,go.opentelemetry.io/otel/log,v0.19.0,pkg:golang/go.opentelemetry.io/otel/log@v0.19.0,UNDECLARED_IN_SBOM,REVIEW_REQUIRED
pkg:golang/go.opentelemetry.io/otel/metric@v1.43.0?package-id=27c85510f368f062,go.opentelemetry.io/otel/metric,v1.43.0,pkg:golang/go.opentelemetry.io/otel/metric@v1.43.0,UNDECLARED_IN_SBOM,REVIEW_REQUIRED
pkg:golang/go.opentelemetry.io/otel/sdk/log@v0.19.0?package-id=08c616d9b49aff23,go.opentelemetry.io/otel/sdk/log,v0.19.0,pkg:golang/go.opentelemetry.io/otel/sdk/log@v0.19.0,UNDECLARED_IN_SBOM,REVIEW_REQUIRED
pkg:golang/go.opentelemetry.io/otel/sdk/metric@v1.43.0?package-id=9b386e25a1687a64,go.opentelemetry.io/otel/sdk/metric,v1.43.0,pkg:golang/go.opentelemetry.io/otel/sdk/metric@v1.43.0,UNDECLARED_IN_SBOM,REVIEW_REQUIRED
pkg:golang/go.opentelemetry.io/otel/sdk@v1.43.0?package-id=977d7362046f2d8b,go.opentelemetry.io/otel/sdk,v1.43.0,pkg:golang/go.opentelemetry.io/otel/sdk@v1.43.0,UNDECLARED_IN_SBOM,REVIEW_REQUIRED
pkg:golang/go.opentelemetry.io/otel/trace@v1.43.0?package-id=bab91dc7df59ad06,go.opentelemetry.io/otel/trace,v1.43.0,pkg:golang/go.opentelemetry.io/otel/trace@v1.43.0,UNDECLARED_IN_SBOM,REVIEW_REQUIRED
pkg:golang/go.opentelemetry.io/otel@v1.43.0?package-id=bc387d621f32ae6a,go.opentelemetry.io/otel,v1.43.0,pkg:golang/go.opentelemetry.io/otel@v1.43.0,UNDECLARED_IN_SBOM,REVIEW_REQUIRED
pkg:golang/go.opentelemetry.io/proto/otlp@v1.10.0?package-id=e5cf8e0408fd9f92,go.opentelemetry.io/proto/otlp,v1.10.0,pkg:golang/go.opentelemetry.io/proto/otlp@v1.10.0,UNDECLARED_IN_SBOM,REVIEW_REQUIRED
pkg:golang/go.step.sm/crypto@v0.81.0?package-id=d7522b0ed3881f5a,go.step.sm/crypto,v0.81.0,pkg:golang/go.step.sm/crypto@v0.81.0,UNDECLARED_IN_SBOM,REVIEW_REQUIRED
pkg:golang/go.uber.org/automaxprocs@v1.6.0?package-id=7d30c33dd3593b02,go.uber.org/automaxprocs,v1.6.0,pkg:golang/go.uber.org/automaxprocs@v1.6.0,UNDECLARED_IN_SBOM,REVIEW_REQUIRED
pkg:golang/go.uber.org/multierr@v1.11.0?package-id=8deb1215adf0404c,go.uber.org/multierr,v1.11.0,pkg:golang/go.uber.org/multierr@v1.11.0,UNDECLARED_IN_SBOM,REVIEW_REQUIRED
pkg:golang/go.uber.org/zap/exp@v0.3.0?package-id=383fe6eb3ee3e07a,go.uber.org/zap/exp,v0.3.0,pkg:golang/go.uber.org/zap/exp@v0.3.0,UNDECLARED_IN_SBOM,REVIEW_REQUIRED
pkg:golang/go.uber.org/zap@v1.28.0?package-id=95080f69d7366006,go.uber.org/zap,v1.28.0,pkg:golang/go.uber.org/zap@v1.28.0,UNDECLARED_IN_SBOM,REVIEW_REQUIRED
pkg:golang/go.yaml.in/yaml/v2@v2.4.4?package-id=5f6126b668bd1044,go.yaml.in/yaml/v2,v2.4.4,pkg:golang/go.yaml.in/yaml/v2@v2.4.4,UNDECLARED_IN_SBOM,REVIEW_REQUIRED
pkg:golang/go.yaml.in/yaml/v3@v3.0.4?package-id=b733a54bef507560,go.yaml.in/yaml/v3,v3.0.4,pkg:golang/go.yaml.in/yaml/v3@v3.0.4,UNDECLARED_IN_SBOM,REVIEW_REQUIRED
pkg:golang/golang.org/x/crypto/x509roots/fallback@v0.0.0-20260213171211-a408498e5541?package-id=30c2092ab3286d97,golang.org/x/crypto/x509roots/fallback,v0.0.0-20260213171211-a408498e5541,pkg:golang/golang.org/x/crypto/x509roots/fallback@v0.0.0-20260213171211-a408498e5541,UNDECLARED_IN_SBOM,REVIEW_REQUIRED
pkg:golang/golang.org/x/crypto@v0.52.0?package-id=8633275c6797524f,golang.org/x/crypto,v0.52.0,pkg:golang/golang.org/x/crypto@v0.52.0,UNDECLARED_IN_SBOM,REVIEW_REQUIRED
pkg:golang/golang.org/x/exp@v0.0.0-20251023183803-a4bb9ffd2546?package-id=e23cd1409eedfbbc,golang.org/x/exp,v0.0.0-20251023183803-a4bb9ffd2546,pkg:golang/golang.org/x/exp@v0.0.0-20251023183803-a4bb9ffd2546,UNDECLARED_IN_SBOM,REVIEW_REQUIRED
pkg:golang/golang.org/x/net@v0.55.0?package-id=97ea879681e8cf1f,golang.org/x/net,v0.55.0,pkg:golang/golang.org/x/net@v0.55.0,UNDECLARED_IN_SBOM,REVIEW_REQUIRED
pkg:golang/golang.org/x/oauth2@v0.36.0?package-id=83e998fe3f315232,golang.org/x/oauth2,v0.36.0,pkg:golang/golang.org/x/oauth2@v0.36.0,UNDECLARED_IN_SBOM,REVIEW_REQUIRED
pkg:golang/golang.org/x/sync@v0.20.0?package-id=96c8b4c524c8d660,golang.org/x/sync,v0.20.0,pkg:golang/golang.org/x/sync@v0.20.0,UNDECLARED_IN_SBOM,REVIEW_REQUIRED
pkg:golang/golang.org/x/sys@v0.45.0?package-id=5521ac41fa73de78,golang.org/x/sys,v0.45.0,pkg:golang/golang.org/x/sys@v0.45.0,UNDECLARED_IN_SBOM,REVIEW_REQUIRED
pkg:golang/golang.org/x/term@v0.43.0?package-id=43b9ec45e7942f71,golang.org/x/term,v0.43.0,pkg:golang/golang.org/x/term@v0.43.0,UNDECLARED_IN_SBOM,REVIEW_REQUIRED
pkg:golang/golang.org/x/text@v0.37.0?package-id=d69afb72eae7eab6,golang.org/x/text,v0.37.0,pkg:golang/golang.org/x/text@v0.37.0,UNDECLARED_IN_SBOM,REVIEW_REQUIRED
pkg:golang/golang.org/x/time@v0.15.0?package-id=61f2d805d27614ff,golang.org/x/time,v0.15.0,pkg:golang/golang.org/x/time@v0.15.0,UNDECLARED_IN_SBOM,REVIEW_REQUIRED
pkg:golang/google.golang.org/api@v0.277.0?package-id=1509a0228e58ebaf,google.golang.org/api,v0.277.0,pkg:golang/google.golang.org/api@v0.277.0,UNDECLARED_IN_SBOM,REVIEW_REQUIRED
pkg:golang/google.golang.org/genproto/googleapis/api@v0.0.0-20260406210006-6f92a3bedf2d?package-id=896c3c662edc9451,google.golang.org/genproto/googleapis/api,v0.0.0-20260406210006-6f92a3bedf2d,pkg:golang/google.golang.org/genproto/googleapis/api@v0.0.0-20260406210006-6f92a3bedf2d,UNDECLARED_IN_SBOM,REVIEW_REQUIRED
pkg:golang/google.golang.org/genproto/googleapis/rpc@v0.0.0-20260427160629-7cedc36a6bc4?package-id=70ab5508833bb154,google.golang.org/genproto/googleapis/rpc,v0.0.0-20260427160629-7cedc36a6bc4,pkg:golang/google.golang.org/genproto/googleapis/rpc@v0.0.0-20260427160629-7cedc36a6bc4,UNDECLARED_IN_SBOM,REVIEW_REQUIRED
pkg:golang/google.golang.org/grpc@v1.81.0?package-id=dc81e0a2af53d6f4,google.golang.org/grpc,v1.81.0,pkg:golang/google.golang.org/grpc@v1.81.0,UNDECLARED_IN_SBOM,REVIEW_REQUIRED
pkg:golang/google.golang.org/protobuf@v1.36.11?package-id=e4e8e1f973cc6b73,google.golang.org/protobuf,v1.36.11,pkg:golang/google.golang.org/protobuf@v1.36.11,UNDECLARED_IN_SBOM,REVIEW_REQUIRED
pkg:golang/gopkg.in/yaml.v3@v3.0.1?package-id=202b7da3e0ab6b24,gopkg.in/yaml.v3,v3.0.1,pkg:golang/gopkg.in/yaml.v3@v3.0.1,UNDECLARED_IN_SBOM,REVIEW_REQUIRED
pkg:golang/stdlib@1.26.3?package-id=617f082f6c02d9d8,stdlib,go1.26.3,pkg:golang/stdlib@1.26.3,BSD-3-Clause,REVIEW_REQUIRED
