bom_ref,module,version,archive_path,sha256,bytes,review_status
pkg:golang/cel.dev/expr@v0.25.1?package-id=b81c846fa3425bf5,cel.dev/expr,v0.25.1,vendor/cel.dev/expr/LICENSE,cfc7749b96f63bd31c3c42b5c471bf756814053e847c10f3eb003417bc523d30,11358,REVIEW_REQUIRED
pkg:golang/cloud.google.com/go/auth@v0.20.0?package-id=f69ec4cc782f6bbc,cloud.google.com/go/auth,v0.20.0,vendor/cloud.google.com/go/auth/LICENSE,cfc7749b96f63bd31c3c42b5c471bf756814053e847c10f3eb003417bc523d30,11358,REVIEW_REQUIRED
pkg:golang/cloud.google.com/go/auth/oauth2adapt@v0.2.8?package-id=d52e3b277cd081d7,cloud.google.com/go/auth/oauth2adapt,v0.2.8,vendor/cloud.google.com/go/auth/oauth2adapt/LICENSE,cfc7749b96f63bd31c3c42b5c471bf756814053e847c10f3eb003417bc523d30,11358,REVIEW_REQUIRED
pkg:golang/cloud.google.com/go/compute/metadata@v0.9.0?package-id=449553a755a44e98,cloud.google.com/go/compute/metadata,v0.9.0,vendor/cloud.google.com/go/compute/metadata/LICENSE,cfc7749b96f63bd31c3c42b5c471bf756814053e847c10f3eb003417bc523d30,11358,REVIEW_REQUIRED
pkg:golang/dario.cat/mergo@v1.0.2?package-id=debf93eca50f71db,dario.cat/mergo,v1.0.2,vendor/dario.cat/mergo/LICENSE,cb7684632b729955293cab8a0bbf4134d53d9532a30761c33c8a4878302a7bd3,1536,REVIEW_REQUIRED
pkg:golang/filippo.io/bigmod@v0.1.0?package-id=a78699f6474a9fc3,filippo.io/bigmod,v0.1.0,vendor/filippo.io/bigmod/LICENSE,2d36597f7117c38b006835ae7f537487207d8ec407aa9d9980794b2030cbc067,1479,REVIEW_REQUIRED
pkg:golang/filippo.io/edwards25519@v1.2.0?package-id=bff675b1b1315eea,filippo.io/edwards25519,v1.2.0,vendor/filippo.io/edwards25519/LICENSE,2d36597f7117c38b006835ae7f537487207d8ec407aa9d9980794b2030cbc067,1479,REVIEW_REQUIRED
pkg:golang/github.com/alecthomas/chroma/v2@v2.24.1?package-id=d29440d791532219,github.com/alecthomas/chroma/v2,v2.24.1,vendor/github.com/alecthomas/chroma/v2/COPYING,13654b052f885cb3fa47d7343e13975d9c8a64c3bcd84993c35d5eb01f22b23f,5569,REVIEW_REQUIRED
pkg:golang/github.com/antlr4-go/antlr/v4@v4.13.1?package-id=fbe1d34ede0aa355,github.com/antlr4-go/antlr/v4,v4.13.1,vendor/github.com/antlr4-go/antlr/v4/LICENSE,683fcd416d83b64781e229a3c2a598462fbf55c5c9fea54be244766b22c033cf,1480,REVIEW_REQUIRED
pkg:golang/github.com/aryann/difflib@v0.0.0-20210328193216-ff5ff6dc229b?package-id=49893be3f017cf1d,github.com/aryann/difflib,v0.0.0-20210328193216-ff5ff6dc229b,vendor/github.com/aryann/difflib/LICENSE,949aa74c306e61ac17d96a8c4eb52d69f803722fa5b5009dec83c37b65c730ec,1057,REVIEW_REQUIRED
pkg:golang/github.com/beorn7/perks@v1.0.1?package-id=374815003e8e4f83,github.com/beorn7/perks,v1.0.1,vendor/github.com/beorn7/perks/LICENSE,0db7c9ebb3717e526f34f87dd1ee8bc77d36846e29cb0cec9246f7138fbe962b,1058,REVIEW_REQUIRED
pkg:golang/github.com/burntsushi/toml@v1.6.0?package-id=15def639e7e43bdb,github.com/BurntSushi/toml,v1.6.0,vendor/github.com/BurntSushi/toml/COPYING,d21cb1c60785d6d3a84a7059323ccafc45c645b1bbda281c76a62d66ad2d7dc3,1079,REVIEW_REQUIRED
pkg:golang/github.com/caddyserver/caddy/v2@v2.11.4?package-id=60e83460da316b6f,github.com/caddyserver/caddy/v2,v2.11.4,vendor/github.com/caddyserver/caddy/v2/LICENSE,cfc7749b96f63bd31c3c42b5c471bf756814053e847c10f3eb003417bc523d30,11358,REVIEW_REQUIRED
pkg:golang/github.com/caddyserver/certmagic@v0.25.3?package-id=17e35b51b9b34726,github.com/caddyserver/certmagic,v0.25.3,vendor/github.com/caddyserver/certmagic/LICENSE.txt,b40930bbcf80744c86c46a12bc9da056641d722716c378f5659b9e555ef833e1,11357,REVIEW_REQUIRED
pkg:golang/github.com/caddyserver/zerossl@v0.1.5?package-id=dce48a5b2bec95d2,github.com/caddyserver/zerossl,v0.1.5,vendor/github.com/caddyserver/zerossl/LICENSE,1ef7b0f3816510e2c4727a6e45b770ddb5ab123d73074e7f0b424767db0f9f7b,1068,REVIEW_REQUIRED
pkg:golang/github.com/ccoveille/go-safecast/v2@v2.0.0?package-id=8b96f01e24da3ec8,github.com/ccoveille/go-safecast/v2,v2.0.0,vendor/github.com/ccoveille/go-safecast/v2/LICENSE,ceb4a97e3600dc270b6b15cb8c1a42158efbdcd23f0e1256143ebd72f1d5fb56,1066,REVIEW_REQUIRED
pkg:golang/github.com/cenkalti/backoff/v5@v5.0.3?package-id=12bdd05f5951978c,github.com/cenkalti/backoff/v5,v5.0.3,vendor/github.com/cenkalti/backoff/v5/LICENSE,5c0476add4c38b55d0ed5ac11b85e00c38f26e1caee20dfe3ab58190103d1fbc,1077,REVIEW_REQUIRED
pkg:golang/github.com/cespare/xxhash/v2@v2.3.0?package-id=f4c2e01237b229e8,github.com/cespare/xxhash/v2,v2.3.0,vendor/github.com/cespare/xxhash/v2/LICENSE.txt,f566a9f97bacdaf00d9f21dd991e81dc11201c4e016c86b470799429a1c9a79c,1068,REVIEW_REQUIRED
pkg:golang/github.com/chzyer/readline@v1.5.1?package-id=9021e91d005d6ee7,github.com/chzyer/readline,v1.5.1,vendor/github.com/chzyer/readline/LICENSE,3e07c02046bf3c2a73f060636997e0323dbe92a2d4ba43ef9e6b05a1031ae4c4,1074,REVIEW_REQUIRED
pkg:golang/github.com/cloudflare/circl@v1.6.3?package-id=46cfb4afa43a444b,github.com/cloudflare/circl,v1.6.3,vendor/github.com/cloudflare/circl/LICENSE,b0da1764fe4d13d610b695536fc3f2ebc362482d053a1cd258e36975bc6b97a7,3028,REVIEW_REQUIRED
pkg:golang/github.com/coreos/go-oidc/v3@v3.17.0?package-id=78b90ed2e4b53338,github.com/coreos/go-oidc/v3,v3.17.0,vendor/github.com/coreos/go-oidc/v3/LICENSE,cb5e8e7e5f4a3988e1063c142c60dc2df75605f4c46515e776e3aca6df976e14,11325,REVIEW_REQUIRED
pkg:golang/github.com/coreos/go-oidc/v3@v3.17.0?package-id=78b90ed2e4b53338,github.com/coreos/go-oidc/v3,v3.17.0,vendor/github.com/coreos/go-oidc/v3/NOTICE,dccd26c6fd9c296daf44d0bc56bb4efc566edd4880381b3331c9a63e6e471338,126,REVIEW_REQUIRED
pkg:golang/github.com/cpuguy83/go-md2man/v2@v2.0.7?package-id=cce314f0a6e0c4b7,github.com/cpuguy83/go-md2man/v2,v2.0.7,vendor/github.com/cpuguy83/go-md2man/v2/LICENSE.md,a55959c4e3e8917bfa857359bb641115336276a6cc97408fd8197e079fb18470,1077,REVIEW_REQUIRED
pkg:golang/github.com/deruina/timberjack@v1.4.2?package-id=1db29b6ebc56113d,github.com/DeRuina/timberjack,v1.4.2,vendor/github.com/DeRuina/timberjack/LICENSE,d64d73b7e2ffc460053728197c024cc67927f8dd784cb98a058ce6d76479dd40,1077,REVIEW_REQUIRED
pkg:golang/github.com/dlclark/regexp2@v1.12.0?package-id=c1d5101a2dedcf20,github.com/dlclark/regexp2,v1.12.0,vendor/github.com/dlclark/regexp2/LICENSE,9be5d04bb4d706914d5bf943710da4afeb42048f7c529902fb57c82762a991a9,1072,REVIEW_REQUIRED
pkg:golang/github.com/dustin/go-humanize@v1.0.1?package-id=8109fa7d3fa2b682,github.com/dustin/go-humanize,v1.0.1,vendor/github.com/dustin/go-humanize/LICENSE,a973b4498c13eb74baa2a8e5c351426a6826f2fcdd909916dbe53ee2e755fd71,1136,REVIEW_REQUIRED
pkg:golang/github.com/felixge/httpsnoop@v1.0.4?package-id=4be54aa3a61f523e,github.com/felixge/httpsnoop,v1.0.4,vendor/github.com/felixge/httpsnoop/LICENSE.txt,8108e14b5cb2b6bcd51583d3849ef0c2b5c4de61758256c20308bc70d1775dbb,1101,REVIEW_REQUIRED
pkg:golang/github.com/fxamacker/cbor/v2@v2.9.0?package-id=2df55015e3a77b3a,github.com/fxamacker/cbor/v2,v2.9.0,vendor/github.com/fxamacker/cbor/v2/LICENSE,78cad457d5ea7318230f3d969d4cdf29cef45524a1fc8ca3a97646da1ad7a841,1076,REVIEW_REQUIRED
pkg:golang/github.com/go-chi/chi/v5@v5.2.5?package-id=8695049a4085e085,github.com/go-chi/chi/v5,v5.2.5,vendor/github.com/go-chi/chi/v5/LICENSE,a2d51b7515acfaff2f7a88688650f2fc4fd99561383e72bba2305e3db59a1647,1123,REVIEW_REQUIRED
pkg:golang/github.com/go-jose/go-jose/v3@v3.0.5?package-id=ed04d6dd51c3ee36,github.com/go-jose/go-jose/v3,v3.0.5,vendor/github.com/go-jose/go-jose/v3/LICENSE,cfc7749b96f63bd31c3c42b5c471bf756814053e847c10f3eb003417bc523d30,11358,REVIEW_REQUIRED
pkg:golang/github.com/go-jose/go-jose/v4@v4.1.4?package-id=ceaa35cc2d958616,github.com/go-jose/go-jose/v4,v4.1.4,vendor/github.com/go-jose/go-jose/v4/LICENSE,cfc7749b96f63bd31c3c42b5c471bf756814053e847c10f3eb003417bc523d30,11358,REVIEW_REQUIRED
pkg:golang/github.com/go-logr/logr@v1.4.3?package-id=47c60b5859849ada,github.com/go-logr/logr,v1.4.3,vendor/github.com/go-logr/logr/LICENSE,b40930bbcf80744c86c46a12bc9da056641d722716c378f5659b9e555ef833e1,11357,REVIEW_REQUIRED
pkg:golang/github.com/go-logr/stdr@v1.2.2?package-id=84d6be4f5c75efda,github.com/go-logr/stdr,v1.2.2,vendor/github.com/go-logr/stdr/LICENSE,c71d239df91726fc519c6eb72d318ec65820627232b2f796219e87dcf35d0ab4,11357,REVIEW_REQUIRED
pkg:golang/github.com/google/cel-go@v0.28.1?package-id=9c2bdf1fab9cf86a,github.com/google/cel-go,v0.28.1,vendor/github.com/google/cel-go/LICENSE,4cdb9af102dfbb0ca03d87d6f650a505df098646a4080f4665b389ad9c6caa02,13053,REVIEW_REQUIRED
pkg:golang/github.com/google/certificate-transparency-go@v1.1.8-0.20240110162603-74a5dd331745?package-id=bd467ca0162c04a2,github.com/google/certificate-transparency-go,v1.1.8-0.20240110162603-74a5dd331745,vendor/github.com/google/certificate-transparency-go/LICENSE,cfc7749b96f63bd31c3c42b5c471bf756814053e847c10f3eb003417bc523d30,11358,REVIEW_REQUIRED
pkg:golang/github.com/google/go-tpm@v0.9.8?package-id=28f645bab792c83a,github.com/google/go-tpm,v0.9.8,vendor/github.com/google/go-tpm/LICENSE,cfc7749b96f63bd31c3c42b5c471bf756814053e847c10f3eb003417bc523d30,11358,REVIEW_REQUIRED
pkg:golang/github.com/google/go-tspi@v0.3.0?package-id=515ee461175f0b0b,github.com/google/go-tspi,v0.3.0,vendor/github.com/google/go-tspi/LICENSE,cb5e8e7e5f4a3988e1063c142c60dc2df75605f4c46515e776e3aca6df976e14,11325,REVIEW_REQUIRED
pkg:golang/github.com/google/s2a-go@v0.1.9?package-id=63fe56ccfe7f147d,github.com/google/s2a-go,v0.1.9,vendor/github.com/google/s2a-go/LICENSE.md,cfc7749b96f63bd31c3c42b5c471bf756814053e847c10f3eb003417bc523d30,11358,REVIEW_REQUIRED
pkg:golang/github.com/google/uuid@v1.6.0?package-id=c71a35899e68f44b,github.com/google/uuid,v1.6.0,vendor/github.com/google/uuid/LICENSE,0a8d61ed3cbfd5312326e8126c31ce9c627a283adc99131b56896d29ada04b2d,1480,REVIEW_REQUIRED
pkg:golang/github.com/googleapis/enterprise-certificate-proxy@v0.3.15?package-id=ccfdd44fd00d40ed,github.com/googleapis/enterprise-certificate-proxy,v0.3.15,vendor/github.com/googleapis/enterprise-certificate-proxy/LICENSE,cfc7749b96f63bd31c3c42b5c471bf756814053e847c10f3eb003417bc523d30,11358,REVIEW_REQUIRED
pkg:golang/github.com/googleapis/gax-go/v2@v2.22.0?package-id=337ed5785fadf92c,github.com/googleapis/gax-go/v2,v2.22.0,vendor/github.com/googleapis/gax-go/v2/LICENSE,b95218cd9607855a6536384c0262922b30a0c2bf56e4ced790240f3a3bac4722,1471,REVIEW_REQUIRED
pkg:golang/github.com/grpc-ecosystem/grpc-gateway/v2@v2.28.0?package-id=31c0fc62cb4d3d20,github.com/grpc-ecosystem/grpc-gateway/v2,v2.28.0,vendor/github.com/grpc-ecosystem/grpc-gateway/v2/LICENSE,a15b1d1b168954c92ff7fb1620382418f7c72f4f4d251ee791d1098ad68ab0c4,1511,REVIEW_REQUIRED
pkg:golang/github.com/huandu/xstrings@v1.5.0?package-id=887e7679282a52b4,github.com/huandu/xstrings,v1.5.0,vendor/github.com/huandu/xstrings/LICENSE,d298ca9d57c94e16547637f1d7122481ecdb83932c9b901fac349c4c382b82eb,1075,REVIEW_REQUIRED
pkg:golang/github.com/inconshreveable/mousetrap@v1.1.0?package-id=bdf6adcc4a25e2bb,github.com/inconshreveable/mousetrap,v1.1.0,vendor/github.com/inconshreveable/mousetrap/LICENSE,4819582701f150b28a563a6cd8ed0bf5a754e3c67b90ad38d78ba4131bf77795,11360,REVIEW_REQUIRED
pkg:golang/github.com/kimmachinegun/automemlimit@v0.7.5?package-id=63d27d95db2d8575,github.com/KimMachineGun/automemlimit,v0.7.5,vendor/github.com/KimMachineGun/automemlimit/LICENSE,28576a98c02916f720f05aa4a9e30dabfb91cc153efeecd63d34616694d9ff60,1065,REVIEW_REQUIRED
pkg:golang/github.com/klauspost/compress@v1.18.6?package-id=ca4315e344b53844,github.com/klauspost/compress,v1.18.6,vendor/github.com/klauspost/compress/LICENSE,0d9e582ee4bff57bf1189c9e514e6da7ce277f9cd3bc2d488b22fbb39a6d87cf,16733,REVIEW_REQUIRED
pkg:golang/github.com/klauspost/cpuid/v2@v2.3.0?package-id=f2f8ca7533eeff2f,github.com/klauspost/cpuid/v2,v2.3.0,vendor/github.com/klauspost/cpuid/v2/LICENSE,5d966570d7a442d4e969892860a914e542c97f262c873baee8f0aa48e1f40212,1078,REVIEW_REQUIRED
pkg:golang/github.com/libdns/libdns@v1.1.1?package-id=9a3baf802581b4fe,github.com/libdns/libdns,v1.1.1,vendor/github.com/libdns/libdns/LICENSE,e75b5c81dc881b74f84c306c2d0b7db1affbe78d9c0feb5722eb432fd534bea5,1069,REVIEW_REQUIRED
pkg:golang/github.com/manifoldco/promptui@v0.9.0?package-id=b2fcf160ccf9d937,github.com/manifoldco/promptui,v0.9.0,vendor/github.com/manifoldco/promptui/LICENSE.md,05a3af14dd6f2e357727c4d445660072be70b11e7c27b9dc735c9de4bb65ddcb,1520,REVIEW_REQUIRED
pkg:golang/github.com/masterminds/goutils@v1.1.1?package-id=bba17995678d99d1,github.com/Masterminds/goutils,v1.1.1,vendor/github.com/Masterminds/goutils/LICENSE.txt,cfc7749b96f63bd31c3c42b5c471bf756814053e847c10f3eb003417bc523d30,11358,REVIEW_REQUIRED
pkg:golang/github.com/masterminds/semver/v3@v3.4.0?package-id=783f86ec69342517,github.com/Masterminds/semver/v3,v3.4.0,vendor/github.com/Masterminds/semver/v3/LICENSE.txt,2db9097f7b3750c1c9426996d21fe443d339131fb758c2167d2d5fabe8e6cbf9,1078,REVIEW_REQUIRED
pkg:golang/github.com/masterminds/sprig/v3@v3.3.0?package-id=57c90a4ac3946ab8,github.com/Masterminds/sprig/v3,v3.3.0,vendor/github.com/Masterminds/sprig/v3/LICENSE.txt,dbad9a1f3fee465db42b92cb8a41ddaae028248fdcc54f46f1e72f7707d21dc2,1060,REVIEW_REQUIRED
pkg:golang/github.com/mattn/go-colorable@v0.1.14?package-id=696acc8d8492976e,github.com/mattn/go-colorable,v0.1.14,vendor/github.com/mattn/go-colorable/LICENSE,88a2379b3ca34bf5c57127aff9dcb802bbb60ece0805cdbda65b3bd115f971d9,1085,REVIEW_REQUIRED
pkg:golang/github.com/mattn/go-isatty@v0.0.20?package-id=12da9e6787097dff,github.com/mattn/go-isatty,v0.0.20,vendor/github.com/mattn/go-isatty/LICENSE,08eab1118c80885fa1fa6a6dd7303f65a379fcb3733e063d20d1bbc2c76e6fa1,1099,REVIEW_REQUIRED
pkg:golang/github.com/mgutz/ansi@v0.0.0-20200706080929-d51e80ef957d?package-id=79d69eb98b262e09,github.com/mgutz/ansi,v0.0.0-20200706080929-d51e80ef957d,vendor/github.com/mgutz/ansi/LICENSE,66e8a6491399ee36b111ba6df0af68ee82b375fb6fbfd54c8382c9dc3fbd9c9a,1085,REVIEW_REQUIRED
pkg:golang/github.com/mholt/acmez/v3@v3.1.6?package-id=cc5fc1f27a84da86,github.com/mholt/acmez/v3,v3.1.6,vendor/github.com/mholt/acmez/v3/LICENSE,c71d239df91726fc519c6eb72d318ec65820627232b2f796219e87dcf35d0ab4,11357,REVIEW_REQUIRED
pkg:golang/github.com/miekg/dns@v1.1.72?package-id=f98866303966feef,github.com/miekg/dns,v1.1.72,vendor/github.com/miekg/dns/LICENSE,f200ff9bad73385db2ed81e23ee2c1fe069eb5776e17fae4ee85ad0a9e1361a5,1568,REVIEW_REQUIRED
pkg:golang/github.com/mitchellh/copystructure@v1.2.0?package-id=d6aeb2e503b14dac,github.com/mitchellh/copystructure,v1.2.0,vendor/github.com/mitchellh/copystructure/LICENSE,3c377fad2e5ae1d7081c7c2f16da867a87cca1d1f5f1aa7ed0b8a16bb553142a,1085,REVIEW_REQUIRED
pkg:golang/github.com/mitchellh/go-ps@v1.0.0?package-id=1b8da47d646688cf,github.com/mitchellh/go-ps,v1.0.0,vendor/github.com/mitchellh/go-ps/LICENSE.md,3c377fad2e5ae1d7081c7c2f16da867a87cca1d1f5f1aa7ed0b8a16bb553142a,1085,REVIEW_REQUIRED
pkg:golang/github.com/mitchellh/reflectwalk@v1.0.2?package-id=51b96cf34dd9f435,github.com/mitchellh/reflectwalk,v1.0.2,vendor/github.com/mitchellh/reflectwalk/LICENSE,22adc4abdece712a737573672f082fd61ac2b21df878efb87ffcff4354a07f26,1085,REVIEW_REQUIRED
pkg:golang/github.com/munnerz/goautoneg@v0.0.0-20191010083416-a7dc8b61c822?package-id=9b943a34aaa007a6,github.com/munnerz/goautoneg,v0.0.0-20191010083416-a7dc8b61c822,vendor/github.com/munnerz/goautoneg/LICENSE,aa1376b9bc5dea6f30cdefde40c176a254f247d2814d0a9929395138631b2ae0,1546,REVIEW_REQUIRED
pkg:golang/github.com/pbnjay/memory@v0.0.0-20210728143218-7b4eea64cf58?package-id=f296875af185f3eb,github.com/pbnjay/memory,v0.0.0-20210728143218-7b4eea64cf58,vendor/github.com/pbnjay/memory/LICENSE,f0e4a9d181cbbbc742355f1723a4273fff79d999fd4d65caa2dc92fbcc5937be,1510,REVIEW_REQUIRED
pkg:golang/github.com/pires/go-proxyproto@v0.12.0?package-id=7dae62d4c4909ffa,github.com/pires/go-proxyproto,v0.12.0,vendor/github.com/pires/go-proxyproto/LICENSE,666f1951be1d543e744818d232bb311a4a310fd1d344288642c796fca39af3c7,11341,REVIEW_REQUIRED
pkg:golang/github.com/pkg/errors@v0.9.1?package-id=b2c4cfea31889db9,github.com/pkg/errors,v0.9.1,vendor/github.com/pkg/errors/LICENSE,8d427fd87bc9579ea368fde3d49f9ca22eac857f91a9dec7e3004bdfab7dee86,1312,REVIEW_REQUIRED
pkg:golang/github.com/prometheus/client_golang@v1.23.2?package-id=6d16c4f744c20c76,github.com/prometheus/client_golang,v1.23.2,vendor/github.com/prometheus/client_golang/LICENSE,c71d239df91726fc519c6eb72d318ec65820627232b2f796219e87dcf35d0ab4,11357,REVIEW_REQUIRED
pkg:golang/github.com/prometheus/client_golang@v1.23.2?package-id=6d16c4f744c20c76,github.com/prometheus/client_golang,v1.23.2,vendor/github.com/prometheus/client_golang/NOTICE,8548bfb2bc1913396df38c548a6ec60b8dbcac3b0800485a40569c8bdd184471,631,REVIEW_REQUIRED
pkg:golang/github.com/prometheus/client_model@v0.6.2?package-id=632fa23223df21c4,github.com/prometheus/client_model,v0.6.2,vendor/github.com/prometheus/client_model/LICENSE,c71d239df91726fc519c6eb72d318ec65820627232b2f796219e87dcf35d0ab4,11357,REVIEW_REQUIRED
pkg:golang/github.com/prometheus/client_model@v0.6.2?package-id=632fa23223df21c4,github.com/prometheus/client_model,v0.6.2,vendor/github.com/prometheus/client_model/NOTICE,6c79faa15168885fb88a316ae0df18f486deafddefdc16826cdc56dfbd421e24,167,REVIEW_REQUIRED
pkg:golang/github.com/prometheus/common@v0.67.5?package-id=db9937ef5361c001,github.com/prometheus/common,v0.67.5,vendor/github.com/prometheus/common/LICENSE,c71d239df91726fc519c6eb72d318ec65820627232b2f796219e87dcf35d0ab4,11357,REVIEW_REQUIRED
pkg:golang/github.com/prometheus/common@v0.67.5?package-id=db9937ef5361c001,github.com/prometheus/common,v0.67.5,vendor/github.com/prometheus/common/NOTICE,600244c8052c8c1d307043fafacbc83b429c171dd8e08f5a537c0a54014585ee,178,REVIEW_REQUIRED
pkg:golang/github.com/prometheus/otlptranslator@v1.0.0?package-id=c43a9b6164b72cc1,github.com/prometheus/otlptranslator,v1.0.0,vendor/github.com/prometheus/otlptranslator/LICENSE,c71d239df91726fc519c6eb72d318ec65820627232b2f796219e87dcf35d0ab4,11357,REVIEW_REQUIRED
pkg:golang/github.com/quic-go/qpack@v0.6.0?package-id=514bd4bcd12ccb6b,github.com/quic-go/qpack,v0.6.0,vendor/github.com/quic-go/qpack/LICENSE.md,1b6a897efd39b20b3cdce8cd306160d115dbded39d855ceeffe21dc11e4d53df,1054,REVIEW_REQUIRED
pkg:golang/github.com/quic-go/quic-go@v0.59.1?package-id=43c4937d7e4ac384,github.com/quic-go/quic-go,v0.59.1,vendor/github.com/quic-go/quic-go/LICENSE,77d0b7b53e8abb84cf4dd3f9945a7fdf27044240d2e8023966a721a9a46fe96e,1091,REVIEW_REQUIRED
pkg:golang/github.com/rs/xid@v1.6.0?package-id=5d90c84ea8552199,github.com/rs/xid,v1.6.0,vendor/github.com/rs/xid/LICENSE,c480873f0ff2b7e2c539bdd84fb4da4178d8d02479c94924f7bffeafb7add358,1080,REVIEW_REQUIRED
pkg:golang/github.com/russross/blackfriday/v2@v2.1.0?package-id=f0241a919b4f26ae,github.com/russross/blackfriday/v2,v2.1.0,vendor/github.com/russross/blackfriday/v2/LICENSE.txt,75e1ca97a84a9da6051dee0114333388216f2c4a5a028296b882ff3d57274735,1416,REVIEW_REQUIRED
pkg:golang/github.com/shopspring/decimal@v1.4.0?package-id=04d601d3fb60bc4d,github.com/shopspring/decimal,v1.4.0,vendor/github.com/shopspring/decimal/LICENSE,b92ba0f6ee02f2309628bfdadb123668a17c016e475ba477b857d33470d9d625,2245,REVIEW_REQUIRED
pkg:golang/github.com/shurcool/sanitized_anchor_name@v1.0.0?package-id=ebf55d9a6795df9c,github.com/shurcooL/sanitized_anchor_name,v1.0.0,vendor/github.com/shurcooL/sanitized_anchor_name/LICENSE,c8024e31c1de453fea90f22a221968835cc7af9d520274a2576c9ec9976055b0,1073,REVIEW_REQUIRED
pkg:golang/github.com/sirupsen/logrus@v1.9.4?package-id=bdf8b14f7716dd5e,github.com/sirupsen/logrus,v1.9.4,vendor/github.com/sirupsen/logrus/LICENSE,51a0c9ec7f8b7634181b8d4c03e5b5d204ac21d6e72f46c313973424664b2e6b,1082,REVIEW_REQUIRED
pkg:golang/github.com/slackhq/nebula@v1.10.3?package-id=b84f1f30dc79df6c,github.com/slackhq/nebula,v1.10.3,vendor/github.com/slackhq/nebula/LICENSE,aefd0cce553f24945ce1c692c3c4f9fda581f078ba82977845715cd18565b3bd,1088,REVIEW_REQUIRED
pkg:golang/github.com/smallstep/certificates@v0.30.2?package-id=36237a17e2f2accc,github.com/smallstep/certificates,v0.30.2,vendor/github.com/smallstep/certificates/LICENSE,6fac0a40e0507e3ba32cd3471c808fa5ba4b088700bd22d81250f40f6cc74db5,11351,REVIEW_REQUIRED
pkg:golang/github.com/smallstep/cli-utils@v0.12.2?package-id=ca7b4b9bb84d965d,github.com/smallstep/cli-utils,v0.12.2,vendor/github.com/smallstep/cli-utils/LICENSE,33431c2ec626405f633ec9ee4bf169f6ec49a4ee39b2dd9a5cc0cd5478d8266a,11350,REVIEW_REQUIRED
pkg:golang/github.com/smallstep/go-attestation@v0.4.4-0.20241119153605-2306d5b464ca?package-id=9e730d4bc71d5e1e,github.com/smallstep/go-attestation,v0.4.4-0.20241119153605-2306d5b464ca,vendor/github.com/smallstep/go-attestation/LICENSE,cfc7749b96f63bd31c3c42b5c471bf756814053e847c10f3eb003417bc523d30,11358,REVIEW_REQUIRED
pkg:golang/github.com/smallstep/linkedca@v0.25.0?package-id=db7a6dd8f038b3b9,github.com/smallstep/linkedca,v0.25.0,vendor/github.com/smallstep/linkedca/LICENSE,c71d239df91726fc519c6eb72d318ec65820627232b2f796219e87dcf35d0ab4,11357,REVIEW_REQUIRED
pkg:golang/github.com/smallstep/nosql@v0.8.0?package-id=0075cd307c554a2c,github.com/smallstep/nosql,v0.8.0,vendor/github.com/smallstep/nosql/LICENSE,f32684fdc4a08d433c818514dff0fa2d6a212e16359a6ba522f05b1b0f9470b5,11354,REVIEW_REQUIRED
pkg:golang/github.com/smallstep/pkcs7@v0.2.1?package-id=3e6a7580314a0d4a,github.com/smallstep/pkcs7,v0.2.1,vendor/github.com/smallstep/pkcs7/LICENSE,d01c6d371866b3c7a1a7e20994d88d2ce83f22974ec6d3596a6125b44495813d,1080,REVIEW_REQUIRED
pkg:golang/github.com/smallstep/scep@v0.0.0-20250318231241-a25cabb69492?package-id=f7ca345d56a2655b,github.com/smallstep/scep,v0.0.0-20250318231241-a25cabb69492,vendor/github.com/smallstep/scep/LICENSE,6a0d712ff4c257b13183759363dce13459da5b6cd938b082c2401c02914ca4c6,1073,REVIEW_REQUIRED
pkg:golang/github.com/smallstep/truststore@v0.13.0?package-id=d1e3d49b92bb12f6,github.com/smallstep/truststore,v0.13.0,vendor/github.com/smallstep/truststore/LICENSE,c71d239df91726fc519c6eb72d318ec65820627232b2f796219e87dcf35d0ab4,11357,REVIEW_REQUIRED
pkg:golang/github.com/spf13/cast@v1.7.0?package-id=40c21582a1751e59,github.com/spf13/cast,v1.7.0,vendor/github.com/spf13/cast/LICENSE,feb6d17a0e7a64e5ab0f7e2b0e0ee3e69c1a6396626fd554dc0cddaa06851b44,1079,REVIEW_REQUIRED
pkg:golang/github.com/spf13/cobra@v1.10.2?package-id=09fcb3901fd28d0d,github.com/spf13/cobra,v1.10.2,vendor/github.com/spf13/cobra/LICENSE.txt,5e3400b93bbb099e83e52bab885e7441750673c21f97988ca3f1240639b63283,10140,REVIEW_REQUIRED
pkg:golang/github.com/spf13/pflag@v1.0.10?package-id=68ae50a0e6c53a8c,github.com/spf13/pflag,v1.0.10,vendor/github.com/spf13/pflag/LICENSE,b8514c577c1c4b46cee454d5a882b15fa411e72c5bd7f801f241591789fce61a,1531,REVIEW_REQUIRED
pkg:golang/github.com/tailscale/go-winio@v0.0.0-20231025203758-c4f33415bf55?package-id=055c1d04d6766d07,github.com/tailscale/go-winio,v0.0.0-20231025203758-c4f33415bf55,vendor/github.com/tailscale/go-winio/LICENSE,cf248820bf1178370bb4f1670a59f8748d46bc96d0f64080cd631511c6046409,1077,REVIEW_REQUIRED
pkg:golang/github.com/tailscale/tscert@v0.0.0-20251216020129-aea342f6d747?package-id=9a0bbf9ea13a43be,github.com/tailscale/tscert,v0.0.0-20251216020129-aea342f6d747,vendor/github.com/tailscale/tscert/LICENSE,3227488750adebf5a8b33cc4105a109ae3d3267191c2a9ac7a2ecc38805ad4e8,1527,REVIEW_REQUIRED
pkg:golang/github.com/urfave/cli@v1.22.17?package-id=ca234c94412fcc12,github.com/urfave/cli,v1.22.17,vendor/github.com/urfave/cli/LICENSE,2be6c75f36f3022ea015fea7b1b7135ce67d477ee721d0fc6c98678badb13b8b,1084,REVIEW_REQUIRED
pkg:golang/github.com/x448/float16@v0.8.4?package-id=5186a3567ec5ffaf,github.com/x448/float16,v0.8.4,vendor/github.com/x448/float16/LICENSE,a555f1194fdac34da70fb416968f7e2217b02352c26c1eac2fa45fcb4290ae8d,1102,REVIEW_REQUIRED
pkg:golang/github.com/yuin/goldmark@v1.8.2?package-id=0660dce8073914c4,github.com/yuin/goldmark,v1.8.2,vendor/github.com/yuin/goldmark/LICENSE,c1d6f653c38c80294dc7994647ba0dcc508ce64a86996303c804efa2f7982bff,1071,REVIEW_REQUIRED
pkg:golang/github.com/yuin/goldmark-highlighting/v2@v2.0.0-20230729083705-37449abec8cc?package-id=9892dac15a17d80e,github.com/yuin/goldmark-highlighting/v2,v2.0.0-20230729083705-37449abec8cc,vendor/github.com/yuin/goldmark-highlighting/v2/LICENSE,c1d6f653c38c80294dc7994647ba0dcc508ce64a86996303c804efa2f7982bff,1071,REVIEW_REQUIRED
pkg:golang/github.com/zeebo/blake3@v0.2.4?package-id=4cd966dba8531d93,github.com/zeebo/blake3,v0.2.4,vendor/github.com/zeebo/blake3/LICENSE,0589f544f68ffc436e6e21efec2cf7cc2dbb2ac09ce6cb8a8cdb75ab74489716,7189,REVIEW_REQUIRED
pkg:golang/go.etcd.io/bbolt@v1.4.3?package-id=d9b6d80b0e6c50c8,go.etcd.io/bbolt,v1.4.3,vendor/go.etcd.io/bbolt/LICENSE,c15d721c37e277a11584547de6d618541501f7aa10c4e32a945a4f9ff36cb0f6,1078,REVIEW_REQUIRED
pkg:golang/go.opentelemetry.io/auto/sdk@v1.2.1?package-id=b2782babe9bf7900,go.opentelemetry.io/auto/sdk,v1.2.1,vendor/go.opentelemetry.io/auto/sdk/LICENSE,c71d239df91726fc519c6eb72d318ec65820627232b2f796219e87dcf35d0ab4,11357,REVIEW_REQUIRED
pkg:golang/go.opentelemetry.io/contrib/bridges/prometheus@v0.68.0?package-id=69d64a755d409de7,go.opentelemetry.io/contrib/bridges/prometheus,v0.68.0,vendor/go.opentelemetry.io/contrib/bridges/prometheus/LICENSE,1ae07514be1d7bb33f0698f8d91fb51b8b9fe1463157ec1c72081a49b9bc6f40,12892,REVIEW_REQUIRED
pkg:golang/go.opentelemetry.io/contrib/exporters/autoexport@v0.68.0?package-id=021535211305935f,go.opentelemetry.io/contrib/exporters/autoexport,v0.68.0,vendor/go.opentelemetry.io/contrib/exporters/autoexport/LICENSE,1ae07514be1d7bb33f0698f8d91fb51b8b9fe1463157ec1c72081a49b9bc6f40,12892,REVIEW_REQUIRED
pkg:golang/go.opentelemetry.io/contrib/instrumentation/net/http/otelhttp@v0.68.0?package-id=00769a608f6919f1,go.opentelemetry.io/contrib/instrumentation/net/http/otelhttp,v0.68.0,vendor/go.opentelemetry.io/contrib/instrumentation/net/http/otelhttp/LICENSE,1ae07514be1d7bb33f0698f8d91fb51b8b9fe1463157ec1c72081a49b9bc6f40,12892,REVIEW_REQUIRED
pkg:golang/go.opentelemetry.io/contrib/propagators/autoprop@v0.68.0?package-id=81c3aeb8c167cbe6,go.opentelemetry.io/contrib/propagators/autoprop,v0.68.0,vendor/go.opentelemetry.io/contrib/propagators/autoprop/LICENSE,1ae07514be1d7bb33f0698f8d91fb51b8b9fe1463157ec1c72081a49b9bc6f40,12892,REVIEW_REQUIRED
pkg:golang/go.opentelemetry.io/contrib/propagators/aws@v1.43.0?package-id=55bbc522007ab23c,go.opentelemetry.io/contrib/propagators/aws,v1.43.0,vendor/go.opentelemetry.io/contrib/propagators/aws/LICENSE,1ae07514be1d7bb33f0698f8d91fb51b8b9fe1463157ec1c72081a49b9bc6f40,12892,REVIEW_REQUIRED
pkg:golang/go.opentelemetry.io/contrib/propagators/b3@v1.43.0?package-id=81a1a8c46e707814,go.opentelemetry.io/contrib/propagators/b3,v1.43.0,vendor/go.opentelemetry.io/contrib/propagators/b3/LICENSE,1ae07514be1d7bb33f0698f8d91fb51b8b9fe1463157ec1c72081a49b9bc6f40,12892,REVIEW_REQUIRED
pkg:golang/go.opentelemetry.io/contrib/propagators/jaeger@v1.43.0?package-id=45397b5f40daad64,go.opentelemetry.io/contrib/propagators/jaeger,v1.43.0,vendor/go.opentelemetry.io/contrib/propagators/jaeger/LICENSE,1ae07514be1d7bb33f0698f8d91fb51b8b9fe1463157ec1c72081a49b9bc6f40,12892,REVIEW_REQUIRED
pkg:golang/go.opentelemetry.io/contrib/propagators/ot@v1.43.0?package-id=f0942c49968b4546,go.opentelemetry.io/contrib/propagators/ot,v1.43.0,vendor/go.opentelemetry.io/contrib/propagators/ot/LICENSE,1ae07514be1d7bb33f0698f8d91fb51b8b9fe1463157ec1c72081a49b9bc6f40,12892,REVIEW_REQUIRED
pkg:golang/go.opentelemetry.io/otel@v1.43.0?package-id=bc387d621f32ae6a,go.opentelemetry.io/otel,v1.43.0,vendor/go.opentelemetry.io/otel/LICENSE,1ae07514be1d7bb33f0698f8d91fb51b8b9fe1463157ec1c72081a49b9bc6f40,12892,REVIEW_REQUIRED
pkg:golang/go.opentelemetry.io/otel/exporters/otlp/otlplog/otlploggrpc@v0.19.0?package-id=c8ad8b2f11b81f2e,go.opentelemetry.io/otel/exporters/otlp/otlplog/otlploggrpc,v0.19.0,vendor/go.opentelemetry.io/otel/exporters/otlp/otlplog/otlploggrpc/LICENSE,1ae07514be1d7bb33f0698f8d91fb51b8b9fe1463157ec1c72081a49b9bc6f40,12892,REVIEW_REQUIRED
pkg:golang/go.opentelemetry.io/otel/exporters/otlp/otlplog/otlploghttp@v0.19.0?package-id=2aa8e97df3635f47,go.opentelemetry.io/otel/exporters/otlp/otlplog/otlploghttp,v0.19.0,vendor/go.opentelemetry.io/otel/exporters/otlp/otlplog/otlploghttp/LICENSE,1ae07514be1d7bb33f0698f8d91fb51b8b9fe1463157ec1c72081a49b9bc6f40,12892,REVIEW_REQUIRED
pkg:golang/go.opentelemetry.io/otel/exporters/otlp/otlpmetric/otlpmetricgrpc@v1.43.0?package-id=a78ef5feb7434520,go.opentelemetry.io/otel/exporters/otlp/otlpmetric/otlpmetricgrpc,v1.43.0,vendor/go.opentelemetry.io/otel/exporters/otlp/otlpmetric/otlpmetricgrpc/LICENSE,1ae07514be1d7bb33f0698f8d91fb51b8b9fe1463157ec1c72081a49b9bc6f40,12892,REVIEW_REQUIRED
pkg:golang/go.opentelemetry.io/otel/exporters/otlp/otlpmetric/otlpmetrichttp@v1.43.0?package-id=af76e32eb4936ffd,go.opentelemetry.io/otel/exporters/otlp/otlpmetric/otlpmetrichttp,v1.43.0,vendor/go.opentelemetry.io/otel/exporters/otlp/otlpmetric/otlpmetrichttp/LICENSE,1ae07514be1d7bb33f0698f8d91fb51b8b9fe1463157ec1c72081a49b9bc6f40,12892,REVIEW_REQUIRED
pkg:golang/go.opentelemetry.io/otel/exporters/otlp/otlptrace@v1.43.0?package-id=e7bb18c9bb783a8b,go.opentelemetry.io/otel/exporters/otlp/otlptrace,v1.43.0,vendor/go.opentelemetry.io/otel/exporters/otlp/otlptrace/LICENSE,1ae07514be1d7bb33f0698f8d91fb51b8b9fe1463157ec1c72081a49b9bc6f40,12892,REVIEW_REQUIRED
pkg:golang/go.opentelemetry.io/otel/exporters/otlp/otlptrace/otlptracegrpc@v1.43.0?package-id=2b07ae400731491c,go.opentelemetry.io/otel/exporters/otlp/otlptrace/otlptracegrpc,v1.43.0,vendor/go.opentelemetry.io/otel/exporters/otlp/otlptrace/otlptracegrpc/LICENSE,1ae07514be1d7bb33f0698f8d91fb51b8b9fe1463157ec1c72081a49b9bc6f40,12892,REVIEW_REQUIRED
pkg:golang/go.opentelemetry.io/otel/exporters/otlp/otlptrace/otlptracehttp@v1.43.0?package-id=90d63184aff0374b,go.opentelemetry.io/otel/exporters/otlp/otlptrace/otlptracehttp,v1.43.0,vendor/go.opentelemetry.io/otel/exporters/otlp/otlptrace/otlptracehttp/LICENSE,1ae07514be1d7bb33f0698f8d91fb51b8b9fe1463157ec1c72081a49b9bc6f40,12892,REVIEW_REQUIRED
pkg:golang/go.opentelemetry.io/otel/exporters/prometheus@v0.65.0?package-id=8471694217b4aef7,go.opentelemetry.io/otel/exporters/prometheus,v0.65.0,vendor/go.opentelemetry.io/otel/exporters/prometheus/LICENSE,1ae07514be1d7bb33f0698f8d91fb51b8b9fe1463157ec1c72081a49b9bc6f40,12892,REVIEW_REQUIRED
pkg:golang/go.opentelemetry.io/otel/exporters/stdout/stdoutlog@v0.19.0?package-id=39a51fff7acc0a61,go.opentelemetry.io/otel/exporters/stdout/stdoutlog,v0.19.0,vendor/go.opentelemetry.io/otel/exporters/stdout/stdoutlog/LICENSE,1ae07514be1d7bb33f0698f8d91fb51b8b9fe1463157ec1c72081a49b9bc6f40,12892,REVIEW_REQUIRED
pkg:golang/go.opentelemetry.io/otel/exporters/stdout/stdoutmetric@v1.43.0?package-id=c4d5af83b20adb19,go.opentelemetry.io/otel/exporters/stdout/stdoutmetric,v1.43.0,vendor/go.opentelemetry.io/otel/exporters/stdout/stdoutmetric/LICENSE,1ae07514be1d7bb33f0698f8d91fb51b8b9fe1463157ec1c72081a49b9bc6f40,12892,REVIEW_REQUIRED
pkg:golang/go.opentelemetry.io/otel/exporters/stdout/stdouttrace@v1.43.0?package-id=cbea4422f820429a,go.opentelemetry.io/otel/exporters/stdout/stdouttrace,v1.43.0,vendor/go.opentelemetry.io/otel/exporters/stdout/stdouttrace/LICENSE,1ae07514be1d7bb33f0698f8d91fb51b8b9fe1463157ec1c72081a49b9bc6f40,12892,REVIEW_REQUIRED
pkg:golang/go.opentelemetry.io/otel/log@v0.19.0?package-id=6b3e1e43cab9730e,go.opentelemetry.io/otel/log,v0.19.0,vendor/go.opentelemetry.io/otel/log/LICENSE,1ae07514be1d7bb33f0698f8d91fb51b8b9fe1463157ec1c72081a49b9bc6f40,12892,REVIEW_REQUIRED
pkg:golang/go.opentelemetry.io/otel/metric@v1.43.0?package-id=27c85510f368f062,go.opentelemetry.io/otel/metric,v1.43.0,vendor/go.opentelemetry.io/otel/metric/LICENSE,1ae07514be1d7bb33f0698f8d91fb51b8b9fe1463157ec1c72081a49b9bc6f40,12892,REVIEW_REQUIRED
pkg:golang/go.opentelemetry.io/otel/sdk@v1.43.0?package-id=977d7362046f2d8b,go.opentelemetry.io/otel/sdk,v1.43.0,vendor/go.opentelemetry.io/otel/sdk/LICENSE,1ae07514be1d7bb33f0698f8d91fb51b8b9fe1463157ec1c72081a49b9bc6f40,12892,REVIEW_REQUIRED
pkg:golang/go.opentelemetry.io/otel/sdk/log@v0.19.0?package-id=08c616d9b49aff23,go.opentelemetry.io/otel/sdk/log,v0.19.0,vendor/go.opentelemetry.io/otel/sdk/log/LICENSE,1ae07514be1d7bb33f0698f8d91fb51b8b9fe1463157ec1c72081a49b9bc6f40,12892,REVIEW_REQUIRED
pkg:golang/go.opentelemetry.io/otel/sdk/metric@v1.43.0?package-id=9b386e25a1687a64,go.opentelemetry.io/otel/sdk/metric,v1.43.0,vendor/go.opentelemetry.io/otel/sdk/metric/LICENSE,1ae07514be1d7bb33f0698f8d91fb51b8b9fe1463157ec1c72081a49b9bc6f40,12892,REVIEW_REQUIRED
pkg:golang/go.opentelemetry.io/otel/trace@v1.43.0?package-id=bab91dc7df59ad06,go.opentelemetry.io/otel/trace,v1.43.0,vendor/go.opentelemetry.io/otel/trace/LICENSE,1ae07514be1d7bb33f0698f8d91fb51b8b9fe1463157ec1c72081a49b9bc6f40,12892,REVIEW_REQUIRED
pkg:golang/go.opentelemetry.io/proto/otlp@v1.10.0?package-id=e5cf8e0408fd9f92,go.opentelemetry.io/proto/otlp,v1.10.0,vendor/go.opentelemetry.io/proto/otlp/LICENSE,c71d239df91726fc519c6eb72d318ec65820627232b2f796219e87dcf35d0ab4,11357,REVIEW_REQUIRED
pkg:golang/go.step.sm/crypto@v0.81.0?package-id=d7522b0ed3881f5a,go.step.sm/crypto,v0.81.0,vendor/go.step.sm/crypto/LICENSE,c71d239df91726fc519c6eb72d318ec65820627232b2f796219e87dcf35d0ab4,11357,REVIEW_REQUIRED
pkg:golang/go.uber.org/automaxprocs@v1.6.0?package-id=7d30c33dd3593b02,go.uber.org/automaxprocs,v1.6.0,vendor/go.uber.org/automaxprocs/LICENSE,5d7e88625cbc52ce4a5da7902d7afb09255635b5a60de640e202b1af943b9a19,1066,REVIEW_REQUIRED
pkg:golang/go.uber.org/multierr@v1.11.0?package-id=8deb1215adf0404c,go.uber.org/multierr,v1.11.0,vendor/go.uber.org/multierr/LICENSE.txt,dcdabe03bef2382a130640d1c3a4cd5ec42aba1035095c38272fde694eb72405,1072,REVIEW_REQUIRED
pkg:golang/go.uber.org/zap@v1.28.0?package-id=95080f69d7366006,go.uber.org/zap,v1.28.0,vendor/go.uber.org/zap/LICENSE,c2b97b3281be272711909076c8402499b4b5a3216196af47a25b1d3674d86152,1072,REVIEW_REQUIRED
pkg:golang/go.uber.org/zap/exp@v0.3.0?package-id=383fe6eb3ee3e07a,go.uber.org/zap/exp,v0.3.0,vendor/go.uber.org/zap/exp/LICENSE,c2b97b3281be272711909076c8402499b4b5a3216196af47a25b1d3674d86152,1072,REVIEW_REQUIRED
pkg:golang/go.yaml.in/yaml/v2@v2.4.4?package-id=5f6126b668bd1044,go.yaml.in/yaml/v2,v2.4.4,vendor/go.yaml.in/yaml/v2/LICENSE,b40930bbcf80744c86c46a12bc9da056641d722716c378f5659b9e555ef833e1,11357,REVIEW_REQUIRED
pkg:golang/go.yaml.in/yaml/v2@v2.4.4?package-id=5f6126b668bd1044,go.yaml.in/yaml/v2,v2.4.4,vendor/go.yaml.in/yaml/v2/LICENSE.libyaml,a94710b55e03b5285f77d048c5ba61bb9d6ee04a06c0eb90e68821e11b0c707a,1313,REVIEW_REQUIRED
pkg:golang/go.yaml.in/yaml/v2@v2.4.4?package-id=5f6126b668bd1044,go.yaml.in/yaml/v2,v2.4.4,vendor/go.yaml.in/yaml/v2/NOTICE,f6c2dd3a67b576eafb89b80200b8b1627230bf3821a0c14cb99a22ac19107d00,560,REVIEW_REQUIRED
pkg:golang/go.yaml.in/yaml/v3@v3.0.4?package-id=b733a54bef507560,go.yaml.in/yaml/v3,v3.0.4,vendor/go.yaml.in/yaml/v3/LICENSE,d18f6323b71b0b768bb5e9616e36da390fbd39369a81807cca352de4e4e6aa0b,2151,REVIEW_REQUIRED
pkg:golang/go.yaml.in/yaml/v3@v3.0.4?package-id=b733a54bef507560,go.yaml.in/yaml/v3,v3.0.4,vendor/go.yaml.in/yaml/v3/NOTICE,f6c2dd3a67b576eafb89b80200b8b1627230bf3821a0c14cb99a22ac19107d00,560,REVIEW_REQUIRED
pkg:golang/golang.org/x/crypto@v0.52.0?package-id=8633275c6797524f,golang.org/x/crypto,v0.52.0,vendor/golang.org/x/crypto/LICENSE,911f8f5782931320f5b8d1160a76365b83aea6447ee6c04fa6d5591467db9dad,1453,REVIEW_REQUIRED
pkg:golang/golang.org/x/crypto/x509roots/fallback@v0.0.0-20260213171211-a408498e5541?package-id=30c2092ab3286d97,golang.org/x/crypto/x509roots/fallback,v0.0.0-20260213171211-a408498e5541,vendor/golang.org/x/crypto/x509roots/fallback/LICENSE,911f8f5782931320f5b8d1160a76365b83aea6447ee6c04fa6d5591467db9dad,1453,REVIEW_REQUIRED
pkg:golang/golang.org/x/exp@v0.0.0-20251023183803-a4bb9ffd2546?package-id=e23cd1409eedfbbc,golang.org/x/exp,v0.0.0-20251023183803-a4bb9ffd2546,vendor/golang.org/x/exp/LICENSE,911f8f5782931320f5b8d1160a76365b83aea6447ee6c04fa6d5591467db9dad,1453,REVIEW_REQUIRED
pkg:golang/golang.org/x/net@v0.55.0?package-id=97ea879681e8cf1f,golang.org/x/net,v0.55.0,vendor/golang.org/x/net/LICENSE,911f8f5782931320f5b8d1160a76365b83aea6447ee6c04fa6d5591467db9dad,1453,REVIEW_REQUIRED
pkg:golang/golang.org/x/oauth2@v0.36.0?package-id=83e998fe3f315232,golang.org/x/oauth2,v0.36.0,vendor/golang.org/x/oauth2/LICENSE,911f8f5782931320f5b8d1160a76365b83aea6447ee6c04fa6d5591467db9dad,1453,REVIEW_REQUIRED
pkg:golang/golang.org/x/sync@v0.20.0?package-id=96c8b4c524c8d660,golang.org/x/sync,v0.20.0,vendor/golang.org/x/sync/LICENSE,911f8f5782931320f5b8d1160a76365b83aea6447ee6c04fa6d5591467db9dad,1453,REVIEW_REQUIRED
pkg:golang/golang.org/x/sys@v0.45.0?package-id=5521ac41fa73de78,golang.org/x/sys,v0.45.0,vendor/golang.org/x/sys/LICENSE,911f8f5782931320f5b8d1160a76365b83aea6447ee6c04fa6d5591467db9dad,1453,REVIEW_REQUIRED
pkg:golang/golang.org/x/term@v0.43.0?package-id=43b9ec45e7942f71,golang.org/x/term,v0.43.0,vendor/golang.org/x/term/LICENSE,911f8f5782931320f5b8d1160a76365b83aea6447ee6c04fa6d5591467db9dad,1453,REVIEW_REQUIRED
pkg:golang/golang.org/x/text@v0.37.0?package-id=d69afb72eae7eab6,golang.org/x/text,v0.37.0,vendor/golang.org/x/text/LICENSE,911f8f5782931320f5b8d1160a76365b83aea6447ee6c04fa6d5591467db9dad,1453,REVIEW_REQUIRED
pkg:golang/golang.org/x/time@v0.15.0?package-id=61f2d805d27614ff,golang.org/x/time,v0.15.0,vendor/golang.org/x/time/LICENSE,911f8f5782931320f5b8d1160a76365b83aea6447ee6c04fa6d5591467db9dad,1453,REVIEW_REQUIRED
pkg:golang/google.golang.org/api@v0.277.0?package-id=1509a0228e58ebaf,google.golang.org/api,v0.277.0,vendor/google.golang.org/api/LICENSE,110244b02140866ee37d17fa7449436a377ec3b85a481fbb208f4c87964382de,1475,REVIEW_REQUIRED
pkg:golang/google.golang.org/genproto/googleapis/api@v0.0.0-20260406210006-6f92a3bedf2d?package-id=896c3c662edc9451,google.golang.org/genproto/googleapis/api,v0.0.0-20260406210006-6f92a3bedf2d,vendor/google.golang.org/genproto/googleapis/api/LICENSE,cfc7749b96f63bd31c3c42b5c471bf756814053e847c10f3eb003417bc523d30,11358,REVIEW_REQUIRED
pkg:golang/google.golang.org/genproto/googleapis/rpc@v0.0.0-20260427160629-7cedc36a6bc4?package-id=70ab5508833bb154,google.golang.org/genproto/googleapis/rpc,v0.0.0-20260427160629-7cedc36a6bc4,vendor/google.golang.org/genproto/googleapis/rpc/LICENSE,cfc7749b96f63bd31c3c42b5c471bf756814053e847c10f3eb003417bc523d30,11358,REVIEW_REQUIRED
pkg:golang/google.golang.org/grpc@v1.81.0?package-id=dc81e0a2af53d6f4,google.golang.org/grpc,v1.81.0,vendor/google.golang.org/grpc/LICENSE,cfc7749b96f63bd31c3c42b5c471bf756814053e847c10f3eb003417bc523d30,11358,REVIEW_REQUIRED
pkg:golang/google.golang.org/grpc@v1.81.0?package-id=dc81e0a2af53d6f4,google.golang.org/grpc,v1.81.0,vendor/google.golang.org/grpc/NOTICE.txt,693ff28ec216d5112ac1bbfe64ef539005867d1c7bd427b57d579683293b947f,554,REVIEW_REQUIRED
pkg:golang/google.golang.org/protobuf@v1.36.11?package-id=e4e8e1f973cc6b73,google.golang.org/protobuf,v1.36.11,vendor/google.golang.org/protobuf/LICENSE,4835612df0098ca95f8e7d9e3bffcb02358d435dbb38057c844c99d7f725eb20,1479,REVIEW_REQUIRED
pkg:golang/gopkg.in/yaml.v3@v3.0.1?package-id=202b7da3e0ab6b24,gopkg.in/yaml.v3,v3.0.1,vendor/gopkg.in/yaml.v3/LICENSE,d18f6323b71b0b768bb5e9616e36da390fbd39369a81807cca352de4e4e6aa0b,2151,REVIEW_REQUIRED
pkg:golang/gopkg.in/yaml.v3@v3.0.1?package-id=202b7da3e0ab6b24,gopkg.in/yaml.v3,v3.0.1,vendor/gopkg.in/yaml.v3/NOTICE,f6c2dd3a67b576eafb89b80200b8b1627230bf3821a0c14cb99a22ac19107d00,560,REVIEW_REQUIRED
