"dll","official_sha256","package","package_version","archive_sha256","declared_license","license_files_count","status"
"libarchive-13.dll","ddabddfdc98e1e1342ce4a7069fb4004de6c870d7bc9f4e95ef243dd18468e97","mingw-w64-x86_64-libarchive","3.8.8-2","25dd8243853b7a744c40aa5dcbfbc91116ee527b9c2e6ee6ee2f7300085611ca","spdx:BSD-2-Clause","1","EXACT_BINARY_MATCH_LICENSE_TEXT_LOCATED"
"libb2-1.dll","77bab532b5421d6cdddb96c3ae9a4bde144eb481ccaf243336c9f8c690a50987","mingw-w64-x86_64-libb2","0.98.1-3","3c898f08c5f19e25dc6d7e39aa36b6f323141f0e62c5c50f089cd3f89711854c","custom:CC0","1","EXACT_BINARY_MATCH_LICENSE_TEXT_LOCATED"
"libbrotlicommon.dll","ca7bc06ead80259971badf2cd0bfc688db9154dad65f139f49a38b4be9976f97","mingw-w64-x86_64-brotli","1.2.0-1","f5f2f7e723a08378241d15f0537386950c1a48e2d82bc47bedd632bd61852aba","spdx:MIT","1","EXACT_BINARY_MATCH_LICENSE_TEXT_LOCATED"
"libbrotlidec.dll","a142dc6cfa77cb907028aa9426f486f3d8de37855e8db2ae2894147908121881","mingw-w64-x86_64-brotli","1.2.0-1","f5f2f7e723a08378241d15f0537386950c1a48e2d82bc47bedd632bd61852aba","spdx:MIT","1","EXACT_BINARY_MATCH_LICENSE_TEXT_LOCATED"
"libbz2-1.dll","b79cd3a7102e359ef6324e98966a67939e58ec2b651ae2847cae84a4dfa453f7","mingw-w64-x86_64-bzip2","1.0.8-3","653ec97c18dc139ca94e2b4b9d161a9b4d9e77ceb18dfb064eb95ef2a71171b6","custom","1","EXACT_BINARY_MATCH_LICENSE_TEXT_LOCATED"
"libcurl-4.dll","3d302f9690e810fdfd950254e2f0663d0ff768737f350c602a4ed3a06e9b6b2b","mingw-w64-x86_64-curl-winssl","8.21.0-2","5bc07a331bd27e299dddbcbd6c62d2edaba3da0c09a70ab30d8c71307d1156fd","spdx:MIT","1","EXACT_BINARY_MATCH_LICENSE_TEXT_LOCATED"
"libdeflate.dll","3f3fc3a73bc3623dc93b37bb321c484d3731d93006fd01c0495d15711826eb44","mingw-w64-x86_64-libdeflate","1.25-1","75f921f6db5713c3a5d7d8e058684a9c5d31efe6eda131e0d05f408ed74f7475","spdx:MIT","1","EXACT_BINARY_MATCH_LICENSE_TEXT_LOCATED"
"libexpat-1.dll","92ae866c6c58dd2d8366aa0e6230ba8d434d5306e8d8c3a08b7e61750fc16153","mingw-w64-x86_64-expat","2.8.2-1","9f25550c738b7695164f4ea237af40512d7c63b4cd97aa417f3e0214930aca4f","spdx:MIT","1","EXACT_BINARY_MATCH_LICENSE_TEXT_LOCATED"
"libgcc_s_seh-1.dll","172cfdc9d83703ec0a0ca2cee08f6cf2a166b801717ee51a56b3a63b36bc2f83","","","","","0","EXACT_PACKAGE_AND_LICENSE_UNRESOLVED"
"libgif-7.dll","5b3d837ccaab84683dd93fbaddf2d98e1a9f90e0ddb8ea73dc70157adb4d26f1","mingw-w64-x86_64-giflib","6.1.3-1","bfa540ab9892bbc5161e3f81fcfb0ca71f44bd2e00478b5df79f899825c523f5","spdx:MIT","0","EXACT_BINARY_MATCH_LICENSE_TEXT_MISSING"
"libiconv-2.dll","7a282a854e01be726c6cccfe46f548c716aa45b3014818468253aaa4efbcd067","mingw-w64-x86_64-libiconv","1.19-1","21e334d0911f25de75d3e18e0697648bcecfa9658256d600cad0827d719c2f35","spdx:LGPL-2.1-or-later; documentation:spdx:GPL-3.0-or-later","4","EXACT_BINARY_MATCH_LICENSE_TEXT_LOCATED"
"libidn2-0.dll","9880b52651a0247640a2531d777380f7c35fac7efa7e3979b265ddcb78db8642","mingw-w64-x86_64-libidn2","2.3.8-4","f98a157446f9ac35465022e329cdaf6169b0c9fa19837e9d80aff9d4e5109013","spdx:GPL-2.0-or-later; spdx:LGPL-3.0-or-later","0","EXACT_BINARY_MATCH_LICENSE_TEXT_MISSING"
"libintl-8.dll","0537c3dd2378218508ebe3cc416d72a99ee2d24ae1c5525e23458f32544ef861","mingw-w64-x86_64-gettext-runtime","1.0-1","be68d7f260633284b910c588c6d82ee304a81c8817a686d2cd9df83f872c27af","spdx:GPL-3.0-or-later AND LGPL-2.1-or-later","4","EXACT_BINARY_MATCH_LICENSE_TEXT_LOCATED"
"libjbig-0.dll","275a827ba6839d47cfdbe059db1b1b403a92ff26e2b76a29362915487868bef2","mingw-w64-x86_64-jbigkit","2.1-5","3343b02d3b5e5e44304d68f0122f2de1faba2df6c180b8ddc8ef01f9ad5fe75a","spdx:GPL-2.0","1","EXACT_BINARY_MATCH_LICENSE_TEXT_LOCATED"
"libjpeg-8.dll","b564d34adaca83e73af0e2231719dd0198ea6cd074c64b2ba85bfd7182f27db7","mingw-w64-x86_64-libjpeg-turbo","3.2.0-1","ef3f55cf5238a8045c8f37796d730e4a5ee619d29ca9254aaa62456e5b5b7e51","custom:BSD-like","4","EXACT_BINARY_MATCH_LICENSE_TEXT_LOCATED"
"libleptonica-6.dll","1869b44e3d46fd830620b042477e5d60a950779582f38f60291547efb27792f1","mingw-w64-x86_64-leptonica","1.87.0-1","702d6ee60255b083aa37a3cbbe1a53ef253d9119204d0478d025efea2d0c91f9","spdx:BSD-2-Clause","1","EXACT_BINARY_MATCH_LICENSE_TEXT_LOCATED"
"liblerc.dll","6887fb5aeabf382a835a4cb693025e8d48d9c90e82ca4eae5d2d8ffb70c6ca9a","mingw-w64-x86_64-lerc","4.1.1-1","5bc170650bc02812a7c674a5f7b8ff2781b4bfa259ab2da2264c3008e2a04c72","spdx:Apache-2.0","1","EXACT_BINARY_MATCH_LICENSE_TEXT_LOCATED"
"liblz4.dll","35f917274bca8f19677ba66f1b3cc3c83568c3249fc43215fc16e76439c8e856","mingw-w64-x86_64-lz4","1.10.0-1","a4c5a3bcd26111554c87591275b8a681bfa4473d1607647e24c22ef6213c055c","BSD; GPL2","0","EXACT_BINARY_MATCH_LICENSE_TEXT_MISSING"
"liblzma-5.dll","dc9edb9bd83b0371fe68d96cb3e70cd17b7a5aba958326a18f8210cb812432e9","mingw-w64-x86_64-xz","5.8.3-1","075bfaf1c7527f2fdd02ad5b973378e1e8d426ba7b614f122cebd81a8fe5d1c1","spdx:0BSD AND LGPL-2.1-or-later AND GPL-2.0-or-later","5","EXACT_BINARY_MATCH_LICENSE_TEXT_LOCATED"
"libopenjp2-7.dll","123587086cb1a25d2a338fb9b7c1d6bda10bf9062625b4f08c6a92b3d9cafe47","mingw-w64-x86_64-openjpeg2","2.5.4-2","32f8f5dc7df9f1f2d57157717136fbba431e15bc000420c953c00ffdf76ecde4","spdx:BSD-2-Clause","1","EXACT_BINARY_MATCH_LICENSE_TEXT_LOCATED"
"libpng16-16.dll","3737838ee8d6b893df7bdabf7439775371a57dce7e17ee6b35586023c64bd9ab","mingw-w64-x86_64-libpng","1.6.58-1","d8ae6066f99b3a04b83b8013b554a26a205d7e68580b80823c173ed045ba76a5","custom","1","EXACT_BINARY_MATCH_LICENSE_TEXT_LOCATED"
"libpsl-5.dll","b31fc70eda598a39b65fe2736d815518db0652d641346f75eac40c2a0499b058","mingw-w64-x86_64-libpsl","0.21.5-3","2a86f7ce3cd3fabff7eb8e5c0d3eb1134808881a44c3838e1b518b75cb402e35","spdx:MIT","1","EXACT_BINARY_MATCH_LICENSE_TEXT_LOCATED"
"libsharpyuv-0.dll","ab0c9f61dc69b6bcdff1011e215f8d5fd6e5096aba9be3386ab87f217fbbeffe","mingw-w64-x86_64-libwebp","1.6.0-1","360b1690d41eb497dfe50526460a2424600a6a806cbb76c5b0fec9f14623ac59","spdx:BSD-3-Clause","1","EXACT_BINARY_MATCH_LICENSE_TEXT_LOCATED"
"libssh2-1.dll","ee7fe3e749859334c99e9261689481dd879811122598d22585421f95d29fc7ae","mingw-w64-x86_64-libssh2-wincng","1.11.1-2","3c5e60ffbe4789f97b0defe01f52cfcaf8191bb19c0d070083b21506bf0fc0c1","spdx:BSD-3-Clause","1","EXACT_BINARY_MATCH_LICENSE_TEXT_LOCATED"
"libstdc++-6.dll","5fe5d4d8f6636eb6f2dc55be99dc5dc8a6c40db1abdf592e84480d1e6985abd0","","","","","0","EXACT_PACKAGE_AND_LICENSE_UNRESOLVED"
"libtesseract-5.dll","54d54528b453ce3a5ba79487687f8df43e7b194b9ea97beba74200453fe1fb46","","","","","0","EXACT_PACKAGE_AND_LICENSE_UNRESOLVED"
"libtiff-6.dll","47fe69165bf8e211aaa84224f51f145dc894e330fe7ca167f7c99419e0c8c894","mingw-w64-x86_64-libtiff","4.7.2-1","ebc466fa5664c1528834c59ee7134ba57df6db224e503b690870e2c613f30c3e","spdx:MIT","1","EXACT_BINARY_MATCH_LICENSE_TEXT_LOCATED"
"libunistring-5.dll","b91e2850d3668d4931056a8f4d35783b8ec3eea3735485108a936a072cd16071","mingw-w64-x86_64-libunistring","1.4.2-1","c940cf52fb2b579baa596d3c1d911f7544cbf90f8bd19c260377aa115c65b059","spdx:LGPL-3.0-or-later OR GPL-3.0-or-later","2","EXACT_BINARY_MATCH_LICENSE_TEXT_LOCATED"
"libwebp-7.dll","c6c21a10f8cfe13270832e64640b82709e1d87b956b5f15af435a6c25acd6bbf","mingw-w64-x86_64-libwebp","1.6.0-1","360b1690d41eb497dfe50526460a2424600a6a806cbb76c5b0fec9f14623ac59","spdx:BSD-3-Clause","1","EXACT_BINARY_MATCH_LICENSE_TEXT_LOCATED"
"libwebpmux-3.dll","2c8a2e9d7901ec65330f31f9989c2a07ef0506e903b485fcd8b241a6bab9b88f","mingw-w64-x86_64-libwebp","1.6.0-1","360b1690d41eb497dfe50526460a2424600a6a806cbb76c5b0fec9f14623ac59","spdx:BSD-3-Clause","1","EXACT_BINARY_MATCH_LICENSE_TEXT_LOCATED"
"libwinpthread-1.dll","6a661d5846d80a91394dbb9b2dab87ba3cc705eac80ad45fe73677bff70cd6d2","mingw-w64-x86_64-libwinpthread","14.0.0.r220.gd999af622-1","16bf944184656c6976b3c8b9ca872da49560d8b7cced36a63fe6638c6e63ae45","spdx:MIT AND BSD-3-Clause-Clear","1","EXACT_BINARY_MATCH_LICENSE_TEXT_LOCATED"
"libzstd.dll","b95c223a9548a9ecf51377c962e0bc8f0c51eb0c6f67a296dbc885996f0dd40d","mingw-w64-x86_64-zstd","1.5.7-2","1add6705b344664f6aca108c85f79ab5bdd9e1162662bb06a4cf40a34f6e0907","spdx:BSD-3-Clause OR GPL-2.0-or-later","1","EXACT_BINARY_MATCH_LICENSE_TEXT_LOCATED"
"zlib1.dll","93e9243a44c29200eeacaf9658efe2558581770e4b11ca4b500e18e424a6e3b5","mingw-w64-x86_64-zlib","1.3.2-2","9e75842a070ba648e986e12424e1c92c9d7d77200e85f6a34eeb600819f2e694","spdx:Zlib","1","EXACT_BINARY_MATCH_LICENSE_TEXT_LOCATED"
