binary,evidence_kind,source_archive,source_archive_sha256,upstream_archive,upstream_archive_sha256,member_path,text_sha256
"libarchive-13.dll","PACKAGE_MEMBER","artifacts/package-prep/windows11/msys2-candidate-libarchive-3.8.8-2-any.pkg.tar.zst","25dd8243853b7a744c40aa5dcbfbc91116ee527b9c2e6ee6ee2f7300085611ca","","","mingw64/share/licenses/libarchive/LICENSE","30e556b3959e3985d66efefec5eaac51d4995053caa1d3cffe6eb916f146f229"
"libb2-1.dll","PACKAGE_MEMBER","artifacts/package-prep/windows11/msys2-candidate-libb2-0.98.1-3-any.pkg.tar.zst","3c898f08c5f19e25dc6d7e39aa36b6f323141f0e62c5c50f089cd3f89711854c","","","mingw64/share/licenses/libb2/LICENSE","6a1ee543e5282cd9061881edf462e6fdab181f328da71fc2c9a6950a80e94d01"
"libbrotlicommon.dll","PACKAGE_MEMBER","artifacts/package-prep/windows11/msys2-candidate-brotli-1.2.0-1-any.pkg.tar.zst","f5f2f7e723a08378241d15f0537386950c1a48e2d82bc47bedd632bd61852aba","","","mingw64/share/licenses/brotli/LICENSE","3d180008e36922a4e8daec11c34c7af264fed5962d07924aea928c38e8663c94"
"libbrotlidec.dll","PACKAGE_MEMBER","artifacts/package-prep/windows11/msys2-candidate-brotli-1.2.0-1-any.pkg.tar.zst","f5f2f7e723a08378241d15f0537386950c1a48e2d82bc47bedd632bd61852aba","","","mingw64/share/licenses/brotli/LICENSE","3d180008e36922a4e8daec11c34c7af264fed5962d07924aea928c38e8663c94"
"libbz2-1.dll","PACKAGE_MEMBER","artifacts/package-prep/windows11/msys2-candidate-bzip2-1.0.8-3-any.pkg.tar.zst","653ec97c18dc139ca94e2b4b9d161a9b4d9e77ceb18dfb064eb95ef2a71171b6","","","mingw64/share/licenses/bzip2/LICENSE","c6dbbf828498be844a89eaa3b84adbab3199e342eb5cb2ed2f0d4ba7ec0f38a3"
"libcurl-4.dll","PACKAGE_MEMBER","artifacts/package-prep/windows11/msys2-candidate-curl-winssl-8.21.0-2-any.pkg.tar.zst","5bc07a331bd27e299dddbcbd6c62d2edaba3da0c09a70ab30d8c71307d1156fd","","","mingw64/share/licenses/curl/LICENSE","82f2f4427d6545ee5aaac4f0b80428da6cc8ba41c2cf5da3a03680ec327b9681"
"libdeflate.dll","PACKAGE_MEMBER","artifacts/package-prep/windows11/msys2-candidate-libdeflate-1.25-1-any.pkg.tar.zst","75f921f6db5713c3a5d7d8e058684a9c5d31efe6eda131e0d05f408ed74f7475","","","mingw64/share/licenses/libdeflate/COPYING","4ad69099cb4374836fd27583d9991e2838cd86b6e4666ab26b2d32582c91e73a"
"libexpat-1.dll","PACKAGE_MEMBER","artifacts/package-prep/windows11/msys2-candidate-expat-2.8.2-1-any.pkg.tar.zst","9f25550c738b7695164f4ea237af40512d7c63b4cd97aa417f3e0214930aca4f","","","mingw64/share/licenses/expat/COPYING","31b15de82aa19a845156169a17a5488bf597e561b2c318d159ed583139b25e87"
"libgcc_s_seh-1.dll","PACKAGE_MEMBER","artifacts/package-prep/windows11/msys2-candidate-gcc-libs-16.1.0-5-any.pkg.tar.zst","aa560f5438c35b71c3e7b24fd5becbca028f70c5b4d1f1697a86ff80fec947da","","","mingw64/share/licenses/gcc-libs/COPYING.LIB","a9bdde5616ecdd1e980b44f360600ee8783b1f99b8cc83a2beb163a0a390e861"
"libgcc_s_seh-1.dll","PACKAGE_MEMBER","artifacts/package-prep/windows11/msys2-candidate-gcc-libs-16.1.0-5-any.pkg.tar.zst","aa560f5438c35b71c3e7b24fd5becbca028f70c5b4d1f1697a86ff80fec947da","","","mingw64/share/licenses/gcc-libs/COPYING.RUNTIME","9d6b43ce4d8de0c878bf16b54d8e7a10d9bd42b75178153e3af6a815bdc90f74"
"libgcc_s_seh-1.dll","PACKAGE_MEMBER","artifacts/package-prep/windows11/msys2-candidate-gcc-libs-16.1.0-5-any.pkg.tar.zst","aa560f5438c35b71c3e7b24fd5becbca028f70c5b4d1f1697a86ff80fec947da","","","mingw64/share/licenses/gcc-libs/COPYING3","8ceb4b9ee5adedde47b31e975c1d90c73ad27b6b165a1dcd80c7c545eb65b903"
"libgcc_s_seh-1.dll","PACKAGE_MEMBER","artifacts/package-prep/windows11/msys2-candidate-gcc-libs-16.1.0-5-any.pkg.tar.zst","aa560f5438c35b71c3e7b24fd5becbca028f70c5b4d1f1697a86ff80fec947da","","","mingw64/share/licenses/gcc-libs/README","33400d067fa3e2bd670a0868dcdb60c9486e8f559b675cf9ff1ff55d4e0d06ab"
"libgif-7.dll","UPSTREAM_FALLBACK_MEMBER","artifacts/package-prep/windows11/msys2-source-mingw-w64-giflib-6.1.3-1.src.tar.zst","7c41b8653d50671d511eb7ee455e219b1997de7b126ce4874eb3f47ae414aea6","artifacts/package-prep/windows11/msys2-source-giflib-6.1.3-1/extracted/mingw-w64-giflib/giflib-6.1.3.tar.gz","b65b66b99f0424b93525f987386f22fc5efb9da2bfc92ad4a532249aaffbab0e","giflib-6.1.3/COPYING","ed5d90cb4a041bddad679470a071302ab05ae5d0ec2cf8f9c97ad7b2708751e6"
"libgomp-1.dll","PACKAGE_MEMBER","artifacts/package-prep/windows11/msys2-candidate-gcc-libs-16.1.0-5-any.pkg.tar.zst","aa560f5438c35b71c3e7b24fd5becbca028f70c5b4d1f1697a86ff80fec947da","","","mingw64/share/licenses/gcc-libs/COPYING.LIB","a9bdde5616ecdd1e980b44f360600ee8783b1f99b8cc83a2beb163a0a390e861"
"libgomp-1.dll","PACKAGE_MEMBER","artifacts/package-prep/windows11/msys2-candidate-gcc-libs-16.1.0-5-any.pkg.tar.zst","aa560f5438c35b71c3e7b24fd5becbca028f70c5b4d1f1697a86ff80fec947da","","","mingw64/share/licenses/gcc-libs/COPYING.RUNTIME","9d6b43ce4d8de0c878bf16b54d8e7a10d9bd42b75178153e3af6a815bdc90f74"
"libgomp-1.dll","PACKAGE_MEMBER","artifacts/package-prep/windows11/msys2-candidate-gcc-libs-16.1.0-5-any.pkg.tar.zst","aa560f5438c35b71c3e7b24fd5becbca028f70c5b4d1f1697a86ff80fec947da","","","mingw64/share/licenses/gcc-libs/COPYING3","8ceb4b9ee5adedde47b31e975c1d90c73ad27b6b165a1dcd80c7c545eb65b903"
"libgomp-1.dll","PACKAGE_MEMBER","artifacts/package-prep/windows11/msys2-candidate-gcc-libs-16.1.0-5-any.pkg.tar.zst","aa560f5438c35b71c3e7b24fd5becbca028f70c5b4d1f1697a86ff80fec947da","","","mingw64/share/licenses/gcc-libs/README","33400d067fa3e2bd670a0868dcdb60c9486e8f559b675cf9ff1ff55d4e0d06ab"
"libiconv-2.dll","PACKAGE_MEMBER","artifacts/package-prep/windows11/msys2-candidate-libiconv-1.19-1-any.pkg.tar.zst","21e334d0911f25de75d3e18e0697648bcecfa9658256d600cad0827d719c2f35","","","mingw64/share/licenses/libiconv/COPYING","8ceb4b9ee5adedde47b31e975c1d90c73ad27b6b165a1dcd80c7c545eb65b903"
"libiconv-2.dll","PACKAGE_MEMBER","artifacts/package-prep/windows11/msys2-candidate-libiconv-1.19-1-any.pkg.tar.zst","21e334d0911f25de75d3e18e0697648bcecfa9658256d600cad0827d719c2f35","","","mingw64/share/licenses/libiconv/COPYING.LIB","20e50fe7aae3e56378ebf0417d9de904f55a0e61e4df315333e632a4d3555d95"
"libiconv-2.dll","PACKAGE_MEMBER","artifacts/package-prep/windows11/msys2-candidate-libiconv-1.19-1-any.pkg.tar.zst","21e334d0911f25de75d3e18e0697648bcecfa9658256d600cad0827d719c2f35","","","mingw64/share/licenses/libiconv/README","4ae66e61d1c6593c84c47105b368d579bcee1af566dbb959ec63a0c48425dcf4"
"libiconv-2.dll","PACKAGE_MEMBER","artifacts/package-prep/windows11/msys2-candidate-libiconv-1.19-1-any.pkg.tar.zst","21e334d0911f25de75d3e18e0697648bcecfa9658256d600cad0827d719c2f35","","","mingw64/share/licenses/libiconv/libcharset/COPYING.LIB","20e50fe7aae3e56378ebf0417d9de904f55a0e61e4df315333e632a4d3555d95"
"libidn2-0.dll","UPSTREAM_FALLBACK_MEMBER","artifacts/package-prep/windows11/msys2-source-mingw-w64-libidn2-2.3.8-4.src.tar.zst","cd83e8514fbeb6a4499299b88691b9b9ecc3114cca1e2be4f6c54aab6ae9ddd0","artifacts/package-prep/windows11/msys2-source-libidn2-2.3.8-4/extracted/mingw-w64-libidn2/libidn2-2.3.8.tar.gz","f557911bf6171621e1f72ff35f5b1825bb35b52ed45325dcdee931e5d3c0787a","libidn2-2.3.8/README","fd8b5fd38cb6e5599ff412bf7411108e83c830aea75a47bcc96c86f05b8ff607"
"libidn2-0.dll","UPSTREAM_FALLBACK_MEMBER","artifacts/package-prep/windows11/msys2-source-mingw-w64-libidn2-2.3.8-4.src.tar.zst","cd83e8514fbeb6a4499299b88691b9b9ecc3114cca1e2be4f6c54aab6ae9ddd0","artifacts/package-prep/windows11/msys2-source-libidn2-2.3.8-4/extracted/mingw-w64-libidn2/libidn2-2.3.8.tar.gz","f557911bf6171621e1f72ff35f5b1825bb35b52ed45325dcdee931e5d3c0787a","libidn2-2.3.8/COPYINGv2","edaef632cbb643e4e7a221717a6c441a4c1a7c918e6e4d56debc3d8739b233f6"
"libidn2-0.dll","UPSTREAM_FALLBACK_MEMBER","artifacts/package-prep/windows11/msys2-source-mingw-w64-libidn2-2.3.8-4.src.tar.zst","cd83e8514fbeb6a4499299b88691b9b9ecc3114cca1e2be4f6c54aab6ae9ddd0","artifacts/package-prep/windows11/msys2-source-libidn2-2.3.8-4/extracted/mingw-w64-libidn2/libidn2-2.3.8.tar.gz","f557911bf6171621e1f72ff35f5b1825bb35b52ed45325dcdee931e5d3c0787a","libidn2-2.3.8/COPYING.LESSERv3","e3a994d82e644b03a792a930f574002658412f62407f5fee083f2555c5f23118"
"libidn2-0.dll","UPSTREAM_FALLBACK_MEMBER","artifacts/package-prep/windows11/msys2-source-mingw-w64-libidn2-2.3.8-4.src.tar.zst","cd83e8514fbeb6a4499299b88691b9b9ecc3114cca1e2be4f6c54aab6ae9ddd0","artifacts/package-prep/windows11/msys2-source-libidn2-2.3.8-4/extracted/mingw-w64-libidn2/libidn2-2.3.8.tar.gz","f557911bf6171621e1f72ff35f5b1825bb35b52ed45325dcdee931e5d3c0787a","libidn2-2.3.8/COPYING.unicode","01d621eef165cf4d3d3dbb737aa0699178d94c6f18cf87e9dde6db3ca7790f46"
"libintl-8.dll","PACKAGE_MEMBER","artifacts/package-prep/windows11/mingw-w64-x86_64-gettext-runtime-1.0-1-any.pkg.tar.zst","be68d7f260633284b910c588c6d82ee304a81c8817a686d2cd9df83f872c27af","","","mingw64/share/licenses/gettext-runtime/COPYING","7ef2cdfe58e0c0460657b6598b49af29d4e03c1e41cbaf0e1da1eb8ad74b95d0"
"libintl-8.dll","PACKAGE_MEMBER","artifacts/package-prep/windows11/mingw-w64-x86_64-gettext-runtime-1.0-1-any.pkg.tar.zst","be68d7f260633284b910c588c6d82ee304a81c8817a686d2cd9df83f872c27af","","","mingw64/share/licenses/gettext-runtime/intl/COPYING.LIB","20e50fe7aae3e56378ebf0417d9de904f55a0e61e4df315333e632a4d3555d95"
"libintl-8.dll","PACKAGE_MEMBER","artifacts/package-prep/windows11/mingw-w64-x86_64-gettext-runtime-1.0-1-any.pkg.tar.zst","be68d7f260633284b910c588c6d82ee304a81c8817a686d2cd9df83f872c27af","","","mingw64/share/licenses/gettext-runtime/libasprintf/COPYING","03133addae5b99a6148c538300e6d97074453089be1423b741bd081f18e2b298"
"libintl-8.dll","PACKAGE_MEMBER","artifacts/package-prep/windows11/mingw-w64-x86_64-gettext-runtime-1.0-1-any.pkg.tar.zst","be68d7f260633284b910c588c6d82ee304a81c8817a686d2cd9df83f872c27af","","","mingw64/share/licenses/gettext-runtime/libasprintf/COPYING.LIB","20e50fe7aae3e56378ebf0417d9de904f55a0e61e4df315333e632a4d3555d95"
"libjpeg-8.dll","PACKAGE_MEMBER","artifacts/package-prep/windows11/msys2-candidate-libjpeg-turbo-3.2.0-1-any.pkg.tar.zst","ef3f55cf5238a8045c8f37796d730e4a5ee619d29ca9254aaa62456e5b5b7e51","","","mingw64/share/licenses/libjpeg-turbo/LICENSE.md","ba6bceebcba0fdd35488477c2cca8c4632ce82c74dbfbc87d886ce6fc4433579"
"libjpeg-8.dll","PACKAGE_MEMBER","artifacts/package-prep/windows11/msys2-candidate-libjpeg-turbo-3.2.0-1-any.pkg.tar.zst","ef3f55cf5238a8045c8f37796d730e4a5ee619d29ca9254aaa62456e5b5b7e51","","","mingw64/share/licenses/libjpeg-turbo/README.ijg","75815e3bf6484201a3c3d17a1bbf10f2e8e3237f84df10a2357ea896db2a81d6"
"libjpeg-8.dll","PACKAGE_MEMBER","artifacts/package-prep/windows11/msys2-candidate-libjpeg-turbo-3.2.0-1-any.pkg.tar.zst","ef3f55cf5238a8045c8f37796d730e4a5ee619d29ca9254aaa62456e5b5b7e51","","","mingw64/share/licenses/libjpeg-turbo/README.md","a44ba17ac66c57edaf0ea7c6e4b31358f08322c780e4e6af092082abb3e20793"
"libjpeg-8.dll","PACKAGE_MEMBER","artifacts/package-prep/windows11/msys2-candidate-libjpeg-turbo-3.2.0-1-any.pkg.tar.zst","ef3f55cf5238a8045c8f37796d730e4a5ee619d29ca9254aaa62456e5b5b7e51","","","mingw64/share/licenses/libjpeg-turbo/simd/jsimdext.inc","68c5d236785edf75344cebe8b9bec36568bd35c96eb72cc67ffecd66c17dbd74"
"libleptonica-6.dll","PACKAGE_MEMBER","artifacts/package-prep/windows11/msys2-candidate-leptonica-1.87.0-1-any.pkg.tar.zst","702d6ee60255b083aa37a3cbbe1a53ef253d9119204d0478d025efea2d0c91f9","","","mingw64/share/licenses/leptonica/LICENSE","87829abb5bbb00b55a107365da89e9a33f86c4250169e5a1e5588505be7d5806"
"liblerc.dll","PACKAGE_MEMBER","artifacts/package-prep/windows11/msys2-candidate-lerc-4.1.1-1-any.pkg.tar.zst","5bc170650bc02812a7c674a5f7b8ff2781b4bfa259ab2da2264c3008e2a04c72","","","mingw64/share/licenses/lerc/LICENSE","77a8b761727c75e2167b15bfdf61b2c0bcf8792271228bebe80779106ad00671"
"liblz4.dll","UPSTREAM_FALLBACK_MEMBER","artifacts/package-prep/windows11/msys2-source-mingw-w64-lz4-1.10.0-1.src.tar.zst","d5cccad7b20a3e5d0cd59ebb6abb0819e8fe21c1cda4c2427161bbd416e9c08d","artifacts/package-prep/windows11/msys2-source-lz4-1.10.0-1/extracted/mingw-w64-lz4/lz4-1.10.0.tar.gz","537512904744b35e232912055ccf8ec66d768639ff3abe5788d90d792ec5f48b","lz4-1.10.0/LICENSE","4bc9c403f6b679cc076dee210e0e21c27b4e8f6d3fb43d85364c76657bfaaac5"
"liblz4.dll","UPSTREAM_FALLBACK_MEMBER","artifacts/package-prep/windows11/msys2-source-mingw-w64-lz4-1.10.0-1.src.tar.zst","d5cccad7b20a3e5d0cd59ebb6abb0819e8fe21c1cda4c2427161bbd416e9c08d","artifacts/package-prep/windows11/msys2-source-lz4-1.10.0-1/extracted/mingw-w64-lz4/lz4-1.10.0.tar.gz","537512904744b35e232912055ccf8ec66d768639ff3abe5788d90d792ec5f48b","lz4-1.10.0/lib/LICENSE","8b58c446121a109ccf32edc094bba3010a3d85e4ee3702950db55e4d3e87736c"
"liblzma-5.dll","PACKAGE_MEMBER","artifacts/package-prep/windows11/mingw-w64-x86_64-xz-5.8.3-1-any.pkg.tar.zst","075bfaf1c7527f2fdd02ad5b973378e1e8d426ba7b614f122cebd81a8fe5d1c1","","","mingw64/share/licenses/xz/COPYING","616a3ad264ce29b8f1cb97e53037b139d406899ca8d1f799651e17bfa09830b8"
"liblzma-5.dll","PACKAGE_MEMBER","artifacts/package-prep/windows11/mingw-w64-x86_64-xz-5.8.3-1-any.pkg.tar.zst","075bfaf1c7527f2fdd02ad5b973378e1e8d426ba7b614f122cebd81a8fe5d1c1","","","mingw64/share/licenses/xz/COPYING.0BSD","0b01625d853911cd0e2e088dcfb743261034a091bb379246cb25a14cc4c74bf1"
"liblzma-5.dll","PACKAGE_MEMBER","artifacts/package-prep/windows11/mingw-w64-x86_64-xz-5.8.3-1-any.pkg.tar.zst","075bfaf1c7527f2fdd02ad5b973378e1e8d426ba7b614f122cebd81a8fe5d1c1","","","mingw64/share/licenses/xz/COPYING.GPLv2","edaef632cbb643e4e7a221717a6c441a4c1a7c918e6e4d56debc3d8739b233f6"
"liblzma-5.dll","PACKAGE_MEMBER","artifacts/package-prep/windows11/mingw-w64-x86_64-xz-5.8.3-1-any.pkg.tar.zst","075bfaf1c7527f2fdd02ad5b973378e1e8d426ba7b614f122cebd81a8fe5d1c1","","","mingw64/share/licenses/xz/COPYING.GPLv3","3972dc9744f6499f0f9b2dbf76696f2ae7ad8af9b23dde66d6af86c9dfb36986"
"liblzma-5.dll","PACKAGE_MEMBER","artifacts/package-prep/windows11/mingw-w64-x86_64-xz-5.8.3-1-any.pkg.tar.zst","075bfaf1c7527f2fdd02ad5b973378e1e8d426ba7b614f122cebd81a8fe5d1c1","","","mingw64/share/licenses/xz/COPYING.LGPLv2.1","20e50fe7aae3e56378ebf0417d9de904f55a0e61e4df315333e632a4d3555d95"
"libopenjp2-7.dll","PACKAGE_MEMBER","artifacts/package-prep/windows11/msys2-candidate-openjpeg2-2.5.4-2-any.pkg.tar.zst","32f8f5dc7df9f1f2d57157717136fbba431e15bc000420c953c00ffdf76ecde4","","","mingw64/share/licenses/openjpeg/LICENSE","a6af136f3e15038a666b61f376612a07d9a4e48cb7c01adbf3e33b3f14ab49b6"
"libpng16-16.dll","PACKAGE_MEMBER","artifacts/package-prep/windows11/msys2-candidate-libpng-1.6.58-1-any.pkg.tar.zst","d8ae6066f99b3a04b83b8013b554a26a205d7e68580b80823c173ed045ba76a5","","","mingw64/share/licenses/libpng/LICENSE","bdb0a645ea18c60507d0368379b1ac5474b92255fcc2d115e07486a7672ba526"
"libpsl-5.dll","PACKAGE_MEMBER","artifacts/package-prep/windows11/msys2-candidate-libpsl-0.21.5-3-any.pkg.tar.zst","2a86f7ce3cd3fabff7eb8e5c0d3eb1134808881a44c3838e1b518b75cb402e35","","","mingw64/share/licenses/libpsl/COPYING","322392e6001b2b3b0fca705dc9f11f26e12441188ecde50eb1d22909980b2925"
"libsharpyuv-0.dll","PACKAGE_MEMBER","artifacts/package-prep/windows11/msys2-candidate-libwebp-1.6.0-1-any.pkg.tar.zst","360b1690d41eb497dfe50526460a2424600a6a806cbb76c5b0fec9f14623ac59","","","mingw64/share/licenses/libwebp/COPYING","5aec868f669e384a22372a4e8a1a6cd7d44c64cd451f960ca69cc170d1e13acf"
"libssh2-1.dll","PACKAGE_MEMBER","artifacts/package-prep/windows11/msys2-candidate-libssh2-wincng-1.11.1-2-any.pkg.tar.zst","3c5e60ffbe4789f97b0defe01f52cfcaf8191bb19c0d070083b21506bf0fc0c1","","","mingw64/share/licenses/libssh2/LICENSE","f7f9633cf9ff2f1333f3d7ce46973a8716a4d2a2815ad56f30d437d5fea7bafe"
"libstdc++-6.dll","PACKAGE_MEMBER","artifacts/package-prep/windows11/msys2-candidate-gcc-libs-16.1.0-5-any.pkg.tar.zst","aa560f5438c35b71c3e7b24fd5becbca028f70c5b4d1f1697a86ff80fec947da","","","mingw64/share/licenses/gcc-libs/COPYING.LIB","a9bdde5616ecdd1e980b44f360600ee8783b1f99b8cc83a2beb163a0a390e861"
"libstdc++-6.dll","PACKAGE_MEMBER","artifacts/package-prep/windows11/msys2-candidate-gcc-libs-16.1.0-5-any.pkg.tar.zst","aa560f5438c35b71c3e7b24fd5becbca028f70c5b4d1f1697a86ff80fec947da","","","mingw64/share/licenses/gcc-libs/COPYING.RUNTIME","9d6b43ce4d8de0c878bf16b54d8e7a10d9bd42b75178153e3af6a815bdc90f74"
"libstdc++-6.dll","PACKAGE_MEMBER","artifacts/package-prep/windows11/msys2-candidate-gcc-libs-16.1.0-5-any.pkg.tar.zst","aa560f5438c35b71c3e7b24fd5becbca028f70c5b4d1f1697a86ff80fec947da","","","mingw64/share/licenses/gcc-libs/COPYING3","8ceb4b9ee5adedde47b31e975c1d90c73ad27b6b165a1dcd80c7c545eb65b903"
"libstdc++-6.dll","PACKAGE_MEMBER","artifacts/package-prep/windows11/msys2-candidate-gcc-libs-16.1.0-5-any.pkg.tar.zst","aa560f5438c35b71c3e7b24fd5becbca028f70c5b4d1f1697a86ff80fec947da","","","mingw64/share/licenses/gcc-libs/README","33400d067fa3e2bd670a0868dcdb60c9486e8f559b675cf9ff1ff55d4e0d06ab"
"libtesseract-5.5.dll","PACKAGE_MEMBER","artifacts/package-prep/windows11/msys2-candidate-tesseract-ocr-5.5.3-1-any.pkg.tar.zst","67c0a857e9f028f88d1463c0293885d806334346a81d70be5e38f08bad11e1e3","","","mingw64/share/licenses/tesseract-ocr/LICENSE","cfc7749b96f63bd31c3c42b5c471bf756814053e847c10f3eb003417bc523d30"
"libtiff-6.dll","UPSTREAM_BUILD_MEMBER","artifacts/package-prep/windows11/msys2-source-libtiff-4.7.2-1/mingw-w64-libtiff/tiff-4.7.2.tar.gz","672bd7d10aee4606171afb864f3570b83340f6a33e2c186dc0512f7145ffdf6a","","","tiff-4.7.2/LICENSE.md","0e27c2382d7b8147972bbb746e04059a1152c8d0fda9d03ef1399d1a433c4ade"
"libunistring-5.dll","PACKAGE_MEMBER","artifacts/package-prep/windows11/mingw-w64-x86_64-libunistring-1.4.2-1-any.pkg.tar.zst","c940cf52fb2b579baa596d3c1d911f7544cbf90f8bd19c260377aa115c65b059","","","mingw64/share/licenses/libunistring/LICENSE","3972dc9744f6499f0f9b2dbf76696f2ae7ad8af9b23dde66d6af86c9dfb36986"
"libunistring-5.dll","PACKAGE_MEMBER","artifacts/package-prep/windows11/mingw-w64-x86_64-libunistring-1.4.2-1-any.pkg.tar.zst","c940cf52fb2b579baa596d3c1d911f7544cbf90f8bd19c260377aa115c65b059","","","mingw64/share/licenses/libunistring/LICENSE.LIB","a853c2ffec17057872340eee242ae4d96cbf2b520ae27d903e1b2fef1a5f9d1c"
"libwebp-7.dll","PACKAGE_MEMBER","artifacts/package-prep/windows11/msys2-candidate-libwebp-1.6.0-1-any.pkg.tar.zst","360b1690d41eb497dfe50526460a2424600a6a806cbb76c5b0fec9f14623ac59","","","mingw64/share/licenses/libwebp/COPYING","5aec868f669e384a22372a4e8a1a6cd7d44c64cd451f960ca69cc170d1e13acf"
"libwebpmux-3.dll","PACKAGE_MEMBER","artifacts/package-prep/windows11/msys2-candidate-libwebp-1.6.0-1-any.pkg.tar.zst","360b1690d41eb497dfe50526460a2424600a6a806cbb76c5b0fec9f14623ac59","","","mingw64/share/licenses/libwebp/COPYING","5aec868f669e384a22372a4e8a1a6cd7d44c64cd451f960ca69cc170d1e13acf"
"libwinpthread-1.dll","PACKAGE_MEMBER","artifacts/package-prep/windows11/msys2-candidate-libwinpthread-14.0.0.r220.gd999af622-1-any.pkg.tar.zst","16bf944184656c6976b3c8b9ca872da49560d8b7cced36a63fe6638c6e63ae45","","","mingw64/share/licenses/libwinpthread/COPYING","63263614cdd29f2f93cba85e992f041b31f9fc7b4033692f31269489a8a1b177"
"libzstd.dll","PACKAGE_MEMBER","artifacts/package-prep/windows11/msys2-candidate-zstd-1.5.7-2-any.pkg.tar.zst","1add6705b344664f6aca108c85f79ab5bdd9e1162662bb06a4cf40a34f6e0907","","","mingw64/share/licenses/zstd/LICENSE","7055266497633c9025b777c78eb7235af13922117480ed5c674677adc381c9d8"
"tesseract.exe","PACKAGE_MEMBER","artifacts/package-prep/windows11/msys2-candidate-tesseract-ocr-5.5.3-1-any.pkg.tar.zst","67c0a857e9f028f88d1463c0293885d806334346a81d70be5e38f08bad11e1e3","","","mingw64/share/licenses/tesseract-ocr/LICENSE","cfc7749b96f63bd31c3c42b5c471bf756814053e847c10f3eb003417bc523d30"
"zlib1.dll","PACKAGE_MEMBER","artifacts/package-prep/windows11/msys2-candidate-zlib-1.3.2-2-any.pkg.tar.zst","9e75842a070ba648e986e12424e1c92c9d7d77200e85f6a34eeb600819f2e694","","","mingw64/share/licenses/zlib/LICENSE","e32ff4e00d9d94930537635291da39e7e612703334bf6fde8c7f1686fe8a45a2"
